driver,team,lap_number,lap_time,sector1_time,sector2_time,sector3_time,stint,compound,tyre_life,track_status,event_name,session_name,year,lap_time_seconds,sector1_time_seconds,sector2_time_seconds,sector3_time_seconds,driver_median_lap_time_seconds,lap_delta_to_driver_median,is_first_lap_of_stint
ALB,Williams,1.0,0 days 00:02:05.203000,0 days 00:01:01.956000,0 days 00:00:21.378000,0 days 00:00:41.869000,1.0,MEDIUM,1.0,1,Australian Grand Prix,FP3,2026,125.203,61.956,21.378,41.869,92.35849999999999,32.84450000000001,True
ALB,Williams,2.0,0 days 00:01:23.460000,0 days 00:00:29.737000,0 days 00:00:18.226000,0 days 00:00:35.497000,1.0,MEDIUM,2.0,1,Australian Grand Prix,FP3,2026,83.46,29.737,18.226,35.497,92.35849999999999,-8.898499999999999,False
ALB,Williams,3.0,0 days 00:01:50.644000,0 days 00:00:40.677000,0 days 00:00:22.397000,0 days 00:00:47.570000,1.0,MEDIUM,3.0,1,Australian Grand Prix,FP3,2026,110.644,40.677,22.397,47.57,92.35849999999999,18.285500000000013,False
ALB,Williams,4.0,0 days 00:01:22.589000,0 days 00:00:28.999000,0 days 00:00:18.064000,0 days 00:00:35.526000,1.0,MEDIUM,4.0,1,Australian Grand Prix,FP3,2026,82.589,28.999,18.064,35.526,92.35849999999999,-9.769499999999994,False
ALB,Williams,5.0,0 days 00:01:47.841000,0 days 00:00:42.654000,0 days 00:00:23.241000,0 days 00:00:41.946000,1.0,MEDIUM,5.0,1,Australian Grand Prix,FP3,2026,107.841,42.654,23.241,41.946,92.35849999999999,15.482500000000002,False
ALB,Williams,6.0,0 days 00:01:21.942000,0 days 00:00:28.897000,0 days 00:00:17.896000,0 days 00:00:35.149000,1.0,MEDIUM,6.0,1,Australian Grand Prix,FP3,2026,81.942,28.897,17.896,35.149,92.35849999999999,-10.4165,False
ALB,Williams,7.0,,0 days 00:01:25.150000,0 days 00:00:23.527000,0 days 00:00:45.036000,1.0,MEDIUM,7.0,12,Australian Grand Prix,FP3,2026,,85.15,23.527,45.036,92.35849999999999,,False
ALB,Williams,8.0,0 days 00:01:21.949000,0 days 00:00:28.875000,0 days 00:00:17.800000,0 days 00:00:35.274000,1.0,MEDIUM,8.0,1,Australian Grand Prix,FP3,2026,81.949,28.875,17.8,35.274,92.35849999999999,-10.409499999999994,False
ALB,Williams,9.0,0 days 00:01:50.045000,0 days 00:00:42.194000,0 days 00:00:28.068000,0 days 00:00:39.783000,1.0,MEDIUM,9.0,1,Australian Grand Prix,FP3,2026,110.045,42.194,28.068,39.783,92.35849999999999,17.68650000000001,False
ALB,Williams,10.0,0 days 00:01:41.257000,0 days 00:00:35.726000,0 days 00:00:21.870000,0 days 00:00:43.661000,1.0,MEDIUM,10.0,1,Australian Grand Prix,FP3,2026,101.257,35.726,21.87,43.661,92.35849999999999,8.898500000000013,False
ALB,Williams,11.0,0 days 00:01:22.309000,0 days 00:00:28.901000,0 days 00:00:18.002000,0 days 00:00:35.406000,1.0,MEDIUM,11.0,1,Australian Grand Prix,FP3,2026,82.309,28.901,18.002,35.406,92.35849999999999,-10.049499999999995,False
ALB,Williams,12.0,,0 days 00:00:33.607000,0 days 00:00:23.042000,,1.0,MEDIUM,12.0,125,Australian Grand Prix,FP3,2026,,33.607,23.042,,92.35849999999999,,False
ALB,Williams,13.0,,,0 days 00:00:20.718000,0 days 00:00:41.785000,2.0,SOFT,1.0,1,Australian Grand Prix,FP3,2026,,,20.718,41.785,92.35849999999999,,True
ALB,Williams,14.0,0 days 00:01:42.551000,0 days 00:00:33.776000,0 days 00:00:21.619000,0 days 00:00:47.156000,2.0,SOFT,2.0,1,Australian Grand Prix,FP3,2026,102.551,33.776,21.619,47.156,92.35849999999999,10.19250000000001,False
ALB,Williams,15.0,0 days 00:01:21.664000,0 days 00:00:28.869000,0 days 00:00:17.800000,0 days 00:00:34.995000,2.0,SOFT,3.0,1,Australian Grand Prix,FP3,2026,81.664,28.869,17.8,34.995,92.35849999999999,-10.69449999999999,False
ALB,Williams,16.0,,0 days 00:00:42.420000,0 days 00:00:26.958000,0 days 00:01:29.376000,2.0,SOFT,4.0,1,Australian Grand Prix,FP3,2026,,42.42,26.958,89.376,92.35849999999999,,False
ALB,Williams,17.0,,0 days 00:00:36.263000,0 days 00:00:21.918000,,2.0,SOFT,5.0,1,Australian Grand Prix,FP3,2026,,36.263,21.918,,92.35849999999999,,False
ALO,Aston Martin,1.0,0 days 00:01:43.389000,0 days 00:00:40.330000,0 days 00:00:21.553000,0 days 00:00:41.506000,1.0,MEDIUM,1.0,1,Australian Grand Prix,FP3,2026,103.389,40.33,21.553,41.506,93.6645,9.724499999999992,True
ALO,Aston Martin,2.0,0 days 00:01:26.040000,0 days 00:00:30.566000,0 days 00:00:18.763000,0 days 00:00:36.711000,1.0,MEDIUM,2.0,1,Australian Grand Prix,FP3,2026,86.04,30.566,18.763,36.711,93.6645,-7.624499999999998,False
ALO,Aston Martin,3.0,0 days 00:01:41.774000,0 days 00:00:38.174000,0 days 00:00:21.138000,0 days 00:00:42.462000,1.0,MEDIUM,3.0,1,Australian Grand Prix,FP3,2026,101.774,38.174,21.138,42.462,93.6645,8.109499999999997,False
ALO,Aston Martin,4.0,0 days 00:01:24.101000,0 days 00:00:29.731000,0 days 00:00:18.233000,0 days 00:00:36.137000,1.0,MEDIUM,4.0,1,Australian Grand Prix,FP3,2026,84.101,29.731,18.233,36.137,93.6645,-9.563500000000005,False
ALO,Aston Martin,5.0,,0 days 00:00:33.766000,0 days 00:00:20.937000,,1.0,MEDIUM,5.0,126,Australian Grand Prix,FP3,2026,,33.766,20.937,,93.6645,,False
ALO,Aston Martin,6.0,,,,,2.0,MEDIUM,6.0,6512,Australian Grand Prix,FP3,2026,,,,,93.6645,,True
ALO,Aston Martin,7.0,0 days 00:02:02.162000,0 days 00:00:53.721000,0 days 00:00:21.026000,0 days 00:00:47.415000,3.0,SOFT,1.0,1,Australian Grand Prix,FP3,2026,122.162,53.721,21.026,47.415,93.6645,28.497500000000002,True
ALO,Aston Martin,8.0,0 days 00:01:23.717000,0 days 00:00:29.507000,0 days 00:00:18.317000,0 days 00:00:35.893000,3.0,SOFT,2.0,1,Australian Grand Prix,FP3,2026,83.717,29.507,18.317,35.893,93.6645,-9.947500000000005,False
ALO,Aston Martin,9.0,0 days 00:01:43.393000,0 days 00:00:35.049000,0 days 00:00:20.831000,0 days 00:00:47.513000,3.0,SOFT,3.0,1,Australian Grand Prix,FP3,2026,103.393,35.049,20.831,47.513,93.6645,9.728499999999997,False
ALO,Aston Martin,10.0,0 days 00:01:22.972000,0 days 00:00:29.272000,0 days 00:00:18.176000,0 days 00:00:35.524000,3.0,SOFT,4.0,1,Australian Grand Prix,FP3,2026,82.972,29.272,18.176,35.524,93.6645,-10.69250000000001,False
ALO,Aston Martin,11.0,,0 days 00:00:33.927000,0 days 00:00:20.438000,,3.0,SOFT,5.0,12,Australian Grand Prix,FP3,2026,,33.927,20.438,,93.6645,,False
ALO,Aston Martin,12.0,0 days 00:01:47.836000,0 days 00:00:47.016000,0 days 00:00:21.058000,0 days 00:00:39.762000,4.0,SOFT,6.0,1,Australian Grand Prix,FP3,2026,107.836,47.016,21.058,39.762,93.6645,14.171499999999995,True
ALO,Aston Martin,13.0,0 days 00:01:23.054000,0 days 00:00:29.285000,0 days 00:00:18.185000,0 days 00:00:35.584000,4.0,SOFT,7.0,1,Australian Grand Prix,FP3,2026,83.054,29.285,18.185,35.584,93.6645,-10.610500000000002,False
ALO,Aston Martin,14.0,0 days 00:01:41.289000,0 days 00:00:37.197000,0 days 00:00:20.895000,0 days 00:00:43.197000,4.0,SOFT,8.0,1,Australian Grand Prix,FP3,2026,101.289,37.197,20.895,43.197,93.6645,7.624499999999998,False
ALO,Aston Martin,15.0,0 days 00:01:22.837000,0 days 00:00:29.259000,0 days 00:00:18.248000,0 days 00:00:35.330000,4.0,SOFT,9.0,1,Australian Grand Prix,FP3,2026,82.837,29.259,18.248,35.33,93.6645,-10.8275,False
ALO,Aston Martin,16.0,,0 days 00:00:32.769000,0 days 00:00:20.226000,,4.0,SOFT,10.0,125,Australian Grand Prix,FP3,2026,,32.769,20.226,,93.6645,,False
ALO,Aston Martin,17.0,0 days 00:01:57.097000,0 days 00:00:49.660000,0 days 00:00:20.876000,0 days 00:00:46.561000,5.0,SOFT,1.0,1,Australian Grand Prix,FP3,2026,117.097,49.66,20.876,46.561,93.6645,23.43249999999999,True
ALO,Aston Martin,18.0,0 days 00:01:22.720000,0 days 00:00:29.185000,0 days 00:00:18.179000,0 days 00:00:35.356000,5.0,SOFT,2.0,1,Australian Grand Prix,FP3,2026,82.72,29.185,18.179,35.356,93.6645,-10.944500000000005,False
ALO,Aston Martin,19.0,,0 days 00:00:41.113000,0 days 00:00:27.524000,,5.0,SOFT,3.0,1,Australian Grand Prix,FP3,2026,,41.113,27.524,,93.6645,,False
ALO,Aston Martin,20.0,,0 days 00:00:35.003000,0 days 00:00:21.071000,,5.0,SOFT,4.0,1,Australian Grand Prix,FP3,2026,,35.003,21.071,,93.6645,,False
ANT,Mercedes,1.0,0 days 00:02:13.092000,0 days 00:01:08.620000,0 days 00:00:19.972000,0 days 00:00:44.500000,1.0,SOFT,1.0,12,Australian Grand Prix,FP3,2026,133.092,68.62,19.972,44.5,82.126,50.96600000000001,True
ANT,Mercedes,2.0,0 days 00:01:47.429000,0 days 00:00:28.340000,0 days 00:00:17.523000,0 days 00:01:01.566000,1.0,SOFT,2.0,26,Australian Grand Prix,FP3,2026,107.429,28.34,17.523,61.566,82.126,25.302999999999997,False
ANT,Mercedes,3.0,0 days 00:01:55.667000,0 days 00:00:39.549000,0 days 00:00:23.798000,0 days 00:00:52.320000,1.0,SOFT,3.0,6,Australian Grand Prix,FP3,2026,115.667,39.549,23.798000000000002,52.32,82.126,33.541,False
ANT,Mercedes,4.0,,,,,1.0,SOFT,4.0,6512,Australian Grand Prix,FP3,2026,,,,,82.126,,False
ANT,Mercedes,5.0,0 days 00:02:06.752000,0 days 00:00:57.818000,0 days 00:00:20.180000,0 days 00:00:48.754000,2.0,SOFT,5.0,1,Australian Grand Prix,FP3,2026,126.752,57.818,20.18,48.754,82.126,44.62599999999999,True
ANT,Mercedes,6.0,0 days 00:01:20.324000,0 days 00:00:28.230000,0 days 00:00:17.582000,0 days 00:00:34.512000,2.0,SOFT,6.0,1,Australian Grand Prix,FP3,2026,80.324,28.23,17.582,34.512,82.126,-1.8020000000000067,False
ANT,Mercedes,7.0,0 days 00:02:00.967000,0 days 00:00:36.259000,0 days 00:00:21.544000,0 days 00:01:03.164000,2.0,SOFT,7.0,1,Australian Grand Prix,FP3,2026,120.967,36.259,21.544,63.164,82.126,38.840999999999994,False
ANT,Mercedes,8.0,0 days 00:01:57.270000,0 days 00:01:01.347000,0 days 00:00:18.581000,0 days 00:00:37.342000,3.0,SOFT,8.0,1,Australian Grand Prix,FP3,2026,117.27,61.347,18.581,37.342,82.126,35.14399999999999,True
ANT,Mercedes,9.0,0 days 00:01:21.911000,0 days 00:00:28.533000,0 days 00:00:17.977000,0 days 00:00:35.401000,3.0,SOFT,9.0,1,Australian Grand Prix,FP3,2026,81.911,28.533,17.977,35.401,82.126,-0.2150000000000034,False
ANT,Mercedes,10.0,0 days 00:01:22.126000,0 days 00:00:28.691000,0 days 00:00:17.942000,0 days 00:00:35.493000,3.0,SOFT,10.0,1,Australian Grand Prix,FP3,2026,82.126,28.691,17.942,35.493,82.126,0.0,False
ANT,Mercedes,11.0,0 days 00:01:21.732000,0 days 00:00:28.657000,0 days 00:00:17.859000,0 days 00:00:35.216000,3.0,SOFT,11.0,12,Australian Grand Prix,FP3,2026,81.732,28.657,17.859,35.216,82.126,-0.39400000000000546,False
ANT,Mercedes,12.0,0 days 00:01:21.268000,0 days 00:00:28.396000,0 days 00:00:17.760000,0 days 00:00:35.112000,3.0,SOFT,12.0,21,Australian Grand Prix,FP3,2026,81.268,28.396,17.76,35.112,82.126,-0.8580000000000041,False
ANT,Mercedes,13.0,0 days 00:01:21.130000,0 days 00:00:28.302000,0 days 00:00:17.740000,0 days 00:00:35.088000,3.0,SOFT,13.0,1,Australian Grand Prix,FP3,2026,81.13,28.302,17.74,35.088,82.126,-0.9960000000000093,False
ANT,Mercedes,14.0,0 days 00:01:21.170000,0 days 00:00:28.497000,0 days 00:00:17.719000,0 days 00:00:34.954000,3.0,SOFT,14.0,1,Australian Grand Prix,FP3,2026,81.17,28.497,17.719,34.954,82.126,-0.9560000000000031,False
ANT,Mercedes,15.0,0 days 00:01:20.884000,0 days 00:00:28.377000,0 days 00:00:17.670000,0 days 00:00:34.837000,3.0,SOFT,15.0,1,Australian Grand Prix,FP3,2026,80.884,28.377,17.67,34.837,82.126,-1.2420000000000044,False
ANT,Mercedes,16.0,,0 days 00:00:31.403000,0 days 00:00:19.474000,,3.0,SOFT,16.0,1,Australian Grand Prix,FP3,2026,,31.403,19.474,,82.126,,False
ANT,Mercedes,17.0,0 days 00:01:38.493000,0 days 00:00:38.476000,0 days 00:00:20.137000,0 days 00:00:39.880000,4.0,SOFT,1.0,1,Australian Grand Prix,FP3,2026,98.493,38.476,20.137,39.88,82.126,16.36699999999999,True
ANT,Mercedes,18.0,,,,,4.0,SOFT,2.0,125,Australian Grand Prix,FP3,2026,,,,,82.126,,False
BEA,Haas F1 Team,1.0,0 days 00:01:47.437000,0 days 00:00:42.365000,0 days 00:00:20.124000,0 days 00:00:44.948000,1.0,MEDIUM,1.0,1,Australian Grand Prix,FP3,2026,107.437,42.365,20.124,44.948,107.437,0.0,True
BEA,Haas F1 Team,2.0,0 days 00:01:39.241000,0 days 00:00:34.857000,0 days 00:00:20.186000,0 days 00:00:44.198000,1.0,MEDIUM,2.0,12,Australian Grand Prix,FP3,2026,99.241,34.857,20.186,44.198,107.437,-8.195999999999998,False
BEA,Haas F1 Team,3.0,,0 days 00:00:29.612000,0 days 00:00:17.899000,,1.0,MEDIUM,3.0,2651,Australian Grand Prix,FP3,2026,,29.612,17.899,,107.437,,False
BEA,Haas F1 Team,4.0,0 days 00:02:08.735000,0 days 00:01:01.263000,0 days 00:00:21.193000,0 days 00:00:46.279000,2.0,MEDIUM,4.0,1,Australian Grand Prix,FP3,2026,128.735,61.263,21.193,46.279,107.437,21.298000000000016,True
BEA,Haas F1 Team,5.0,0 days 00:01:52.136000,0 days 00:00:37.244000,0 days 00:00:21.187000,0 days 00:00:53.705000,2.0,MEDIUM,5.0,1,Australian Grand Prix,FP3,2026,112.136,37.244,21.187,53.705,107.437,4.698999999999998,False
BEA,Haas F1 Team,6.0,0 days 00:01:21.530000,0 days 00:00:28.963000,0 days 00:00:17.614000,0 days 00:00:34.953000,2.0,MEDIUM,6.0,1,Australian Grand Prix,FP3,2026,81.53,28.963,17.614,34.953,107.437,-25.906999999999996,False
BEA,Haas F1 Team,7.0,0 days 00:02:07.359000,0 days 00:00:52.513000,0 days 00:00:26.668000,0 days 00:00:48.178000,2.0,MEDIUM,7.0,1,Australian Grand Prix,FP3,2026,127.359,52.513,26.668,48.178,107.437,19.921999999999997,False
BEA,Haas F1 Team,8.0,0 days 00:01:46.775000,0 days 00:00:40.908000,0 days 00:00:21.209000,0 days 00:00:44.658000,2.0,MEDIUM,8.0,1,Australian Grand Prix,FP3,2026,106.775,40.908,21.209,44.658,107.437,-0.6619999999999919,False
BEA,Haas F1 Team,9.0,0 days 00:01:21.129000,0 days 00:00:28.823000,0 days 00:00:17.608000,0 days 00:00:34.698000,2.0,MEDIUM,9.0,12,Australian Grand Prix,FP3,2026,81.129,28.823,17.608,34.698,107.437,-26.307999999999993,False
BEA,Haas F1 Team,10.0,0 days 00:02:26.220000,0 days 00:00:45.910000,0 days 00:00:30.043000,0 days 00:01:10.267000,2.0,MEDIUM,10.0,21,Australian Grand Prix,FP3,2026,146.22,45.91,30.043,70.267,107.437,38.783,False
BEA,Haas F1 Team,11.0,0 days 00:02:20.368000,0 days 00:01:07.031000,0 days 00:00:21.041000,0 days 00:00:52.296000,3.0,MEDIUM,11.0,1,Australian Grand Prix,FP3,2026,140.368,67.031,21.041,52.296,107.437,32.931,True
BEA,Haas F1 Team,12.0,0 days 00:01:44.313000,0 days 00:00:30.041000,0 days 00:00:20.752000,0 days 00:00:53.520000,3.0,MEDIUM,12.0,1,Australian Grand Prix,FP3,2026,104.313,30.041,20.752,53.52,107.437,-3.1239999999999952,False
BEA,Haas F1 Team,13.0,,0 days 00:00:56.320000,0 days 00:00:20.078000,,4.0,MEDIUM,13.0,1,Australian Grand Prix,FP3,2026,,56.32,20.078,,107.437,,True
BEA,Haas F1 Team,14.0,,0 days 00:00:43.480000,0 days 00:00:20.909000,,5.0,SOFT,2.0,125,Australian Grand Prix,FP3,2026,,43.48,20.909,,107.437,,True
BEA,Haas F1 Team,15.0,0 days 00:02:04.351000,0 days 00:01:03.562000,0 days 00:00:21.149000,0 days 00:00:39.640000,6.0,SOFT,2.0,1,Australian Grand Prix,FP3,2026,124.351,63.562,21.149,39.64,107.437,16.914,True
BEA,Haas F1 Team,16.0,0 days 00:01:20.778000,0 days 00:00:28.696000,0 days 00:00:17.567000,0 days 00:00:34.515000,6.0,SOFT,3.0,1,Australian Grand Prix,FP3,2026,80.778,28.696,17.567,34.515,107.437,-26.658999999999992,False
BEA,Haas F1 Team,17.0,,0 days 00:00:39.239000,0 days 00:00:22.692000,,6.0,SOFT,4.0,1,Australian Grand Prix,FP3,2026,,39.239,22.692,,107.437,,False
BEA,Haas F1 Team,18.0,,0 days 00:00:30.384000,0 days 00:00:18.445000,,6.0,SOFT,5.0,1,Australian Grand Prix,FP3,2026,,30.384,18.445,,107.437,,False
BOR,Audi,1.0,0 days 00:02:04.999000,0 days 00:01:02.469000,0 days 00:00:21.053000,0 days 00:00:41.477000,1.0,SOFT,1.0,1,Australian Grand Prix,FP3,2026,124.999,62.469,21.053,41.477,106.892,18.107,True
BOR,Audi,2.0,0 days 00:01:38.239000,0 days 00:00:32.291000,0 days 00:00:20.754000,0 days 00:00:45.194000,1.0,SOFT,2.0,1,Australian Grand Prix,FP3,2026,98.239,32.291,20.754,45.194,106.892,-8.652999999999992,False
BOR,Audi,3.0,0 days 00:01:22.287000,0 days 00:00:29.181000,0 days 00:00:17.806000,0 days 00:00:35.300000,1.0,SOFT,3.0,1,Australian Grand Prix,FP3,2026,82.287,29.181,17.806,35.3,106.892,-24.60499999999999,False
BOR,Audi,4.0,0 days 00:02:10.034000,0 days 00:00:49.105000,0 days 00:00:28.953000,0 days 00:00:51.976000,1.0,SOFT,4.0,12,Australian Grand Prix,FP3,2026,130.034,49.105,28.953,51.976,106.892,23.141999999999996,False
BOR,Audi,5.0,0 days 00:02:15.482000,0 days 00:00:28.806000,0 days 00:00:39.516000,0 days 00:01:07.160000,1.0,SOFT,5.0,26,Australian Grand Prix,FP3,2026,135.482,28.806,39.516,67.16,106.892,28.590000000000003,False
BOR,Audi,6.0,,0 days 00:00:33.890000,0 days 00:00:20.612000,,1.0,SOFT,6.0,6512,Australian Grand Prix,FP3,2026,,33.89,20.612,,106.892,,False
BOR,Audi,7.0,0 days 00:02:00.019000,0 days 00:00:57.364000,0 days 00:00:20.938000,0 days 00:00:41.717000,2.0,SOFT,7.0,1,Australian Grand Prix,FP3,2026,120.019,57.364,20.938,41.717,106.892,13.12700000000001,True
BOR,Audi,8.0,0 days 00:01:30.446000,0 days 00:00:31.192000,0 days 00:00:20.392000,0 days 00:00:38.862000,2.0,SOFT,8.0,1,Australian Grand Prix,FP3,2026,90.446,31.192,20.392,38.862,106.892,-16.445999999999998,False
BOR,Audi,9.0,0 days 00:01:35.592000,0 days 00:00:34.874000,0 days 00:00:20.480000,0 days 00:00:40.238000,2.0,SOFT,9.0,1,Australian Grand Prix,FP3,2026,95.592,34.874,20.48,40.238,106.892,-11.299999999999997,False
BOR,Audi,10.0,0 days 00:01:20.575000,0 days 00:00:28.531000,0 days 00:00:17.411000,0 days 00:00:34.633000,2.0,SOFT,10.0,1,Australian Grand Prix,FP3,2026,80.575,28.531,17.411,34.633,106.892,-26.316999999999993,False
BOR,Audi,11.0,0 days 00:02:07.469000,0 days 00:00:37.426000,0 days 00:00:31.772000,0 days 00:00:58.271000,2.0,SOFT,11.0,1,Australian Grand Prix,FP3,2026,127.469,37.426,31.772,58.271,106.892,20.576999999999998,False
BOR,Audi,12.0,,0 days 00:00:28.680000,0 days 00:00:17.716000,,2.0,SOFT,12.0,12,Australian Grand Prix,FP3,2026,,28.68,17.716,,106.892,,False
BOR,Audi,13.0,0 days 00:01:42.190000,0 days 00:00:39.183000,0 days 00:00:20.501000,0 days 00:00:42.506000,3.0,SOFT,1.0,12,Australian Grand Prix,FP3,2026,102.19,39.183,20.501,42.506,106.892,-4.701999999999998,True
BOR,Audi,14.0,,,,,3.0,SOFT,2.0,251,Australian Grand Prix,FP3,2026,,,,,106.892,,False
BOR,Audi,15.0,0 days 00:02:08.955000,0 days 00:01:09.333000,0 days 00:00:20.585000,0 days 00:00:39.037000,4.0,SOFT,3.0,1,Australian Grand Prix,FP3,2026,128.955,69.333,20.585,39.037,106.892,22.063000000000017,True
BOR,Audi,16.0,0 days 00:01:20.459000,0 days 00:00:28.420000,0 days 00:00:17.505000,0 days 00:00:34.534000,4.0,SOFT,4.0,1,Australian Grand Prix,FP3,2026,80.459,28.42,17.505,34.534,106.892,-26.432999999999993,False
BOR,Audi,17.0,0 days 00:01:51.594000,0 days 00:00:43.720000,0 days 00:00:21.031000,0 days 00:00:46.843000,4.0,SOFT,5.0,1,Australian Grand Prix,FP3,2026,111.594,43.72,21.031,46.843,106.892,4.701999999999998,False
BOR,Audi,18.0,,0 days 00:00:35.841000,0 days 00:00:21.282000,,4.0,SOFT,6.0,1,Australian Grand Prix,FP3,2026,,35.841,21.282,,106.892,,False
BOR,Audi,19.0,,0 days 00:00:35.910000,0 days 00:00:21.039000,,4.0,SOFT,7.0,1,Australian Grand Prix,FP3,2026,,35.91,21.039,,106.892,,False
BOT,Cadillac,1.0,0 days 00:02:14.017000,0 days 00:01:07.685000,0 days 00:00:21.286000,0 days 00:00:45.046000,1.0,SOFT,1.0,1,Australian Grand Prix,FP3,2026,134.017,67.685,21.286,45.046,120.31,13.706999999999994,True
BOT,Cadillac,2.0,0 days 00:01:25.146000,0 days 00:00:30.445000,0 days 00:00:18.246000,0 days 00:00:36.455000,1.0,SOFT,2.0,1,Australian Grand Prix,FP3,2026,85.146,30.445,18.246,36.455,120.31,-35.164,False
BOT,Cadillac,3.0,0 days 00:02:00.310000,0 days 00:00:45.595000,0 days 00:00:26.730000,0 days 00:00:47.985000,1.0,SOFT,3.0,1,Australian Grand Prix,FP3,2026,120.31,45.595,26.73,47.985,120.31,0.0,False
BOT,Cadillac,4.0,0 days 00:01:24.583000,0 days 00:00:30.055000,0 days 00:00:18.241000,0 days 00:00:36.287000,1.0,SOFT,4.0,1,Australian Grand Prix,FP3,2026,84.583,30.055,18.241,36.287,120.31,-35.727000000000004,False
BOT,Cadillac,5.0,0 days 00:02:09.748000,0 days 00:00:36.521000,0 days 00:00:21.955000,0 days 00:01:11.272000,1.0,SOFT,5.0,1,Australian Grand Prix,FP3,2026,129.748,36.521,21.955,71.272,120.31,9.437999999999988,False
BOT,Cadillac,6.0,0 days 00:02:05.549000,0 days 00:00:47.463000,0 days 00:00:23.362000,0 days 00:00:54.724000,2.0,SOFT,6.0,12,Australian Grand Prix,FP3,2026,125.549,47.463,23.362,54.724,120.31,5.239000000000004,True
BOT,Cadillac,7.0,0 days 00:01:24.275000,0 days 00:00:29.917000,0 days 00:00:18.109000,0 days 00:00:36.249000,2.0,SOFT,7.0,21,Australian Grand Prix,FP3,2026,84.275,29.917,18.109,36.249,120.31,-36.035,False
BOT,Cadillac,8.0,,0 days 00:00:34.259000,0 days 00:00:20.539000,,2.0,SOFT,8.0,125,Australian Grand Prix,FP3,2026,,34.259,20.539,,120.31,,False
BOT,Cadillac,9.0,0 days 00:02:15.321000,0 days 00:01:09.151000,0 days 00:00:20.602000,0 days 00:00:45.568000,3.0,SOFT,1.0,1,Australian Grand Prix,FP3,2026,135.321,69.151,20.602,45.568,120.31,15.010999999999996,True
BOT,Cadillac,10.0,0 days 00:01:23.514000,0 days 00:00:29.481000,0 days 00:00:18.237000,0 days 00:00:35.796000,3.0,SOFT,2.0,1,Australian Grand Prix,FP3,2026,83.514,29.481,18.237,35.796,120.31,-36.79600000000001,False
BOT,Cadillac,11.0,,0 days 00:00:38.284000,0 days 00:00:24.553000,,3.0,SOFT,3.0,1,Australian Grand Prix,FP3,2026,,38.284,24.553,,120.31,,False
BOT,Cadillac,12.0,,0 days 00:00:32.602000,0 days 00:00:18.658000,,3.0,SOFT,4.0,1,Australian Grand Prix,FP3,2026,,32.602,18.658,,120.31,,False
COL,Alpine,1.0,,,0 days 00:00:20.716000,0 days 00:00:43.004000,1.0,HARD,1.0,1,Australian Grand Prix,FP3,2026,,,20.716,43.004,113.0635,,True
COL,Alpine,2.0,0 days 00:01:24.222000,0 days 00:00:29.853000,0 days 00:00:18.191000,0 days 00:00:36.178000,1.0,HARD,2.0,1,Australian Grand Prix,FP3,2026,84.222,29.853,18.191,36.178,113.0635,-28.84150000000001,False
COL,Alpine,3.0,0 days 00:01:57.822000,0 days 00:00:51.056000,0 days 00:00:23.564000,0 days 00:00:43.202000,1.0,HARD,3.0,1,Australian Grand Prix,FP3,2026,117.822,51.056,23.564,43.202,113.0635,4.758499999999998,False
COL,Alpine,4.0,0 days 00:01:23.071000,0 days 00:00:29.412000,0 days 00:00:18.033000,0 days 00:00:35.626000,1.0,HARD,4.0,1,Australian Grand Prix,FP3,2026,83.071,29.412,18.033,35.626,113.0635,-29.992500000000007,False
COL,Alpine,5.0,0 days 00:02:29.344000,0 days 00:00:53.062000,0 days 00:00:39.509000,0 days 00:00:56.773000,1.0,HARD,5.0,12,Australian Grand Prix,FP3,2026,149.344,53.062,39.509,56.773,113.0635,36.28049999999999,False
COL,Alpine,6.0,0 days 00:01:28.034000,0 days 00:00:29.280000,0 days 00:00:17.882000,0 days 00:00:40.872000,1.0,HARD,6.0,26,Australian Grand Prix,FP3,2026,88.034,29.28,17.882,40.872,113.0635,-25.0295,False
COL,Alpine,7.0,0 days 00:02:12.323000,0 days 00:00:58.775000,0 days 00:00:21.303000,0 days 00:00:52.245000,1.0,HARD,7.0,6,Australian Grand Prix,FP3,2026,132.323,58.775,21.303,52.245,113.0635,19.259500000000003,False
COL,Alpine,8.0,,0 days 00:00:35.160000,,,1.0,HARD,8.0,6512,Australian Grand Prix,FP3,2026,,35.16,,,113.0635,,False
COL,Alpine,9.0,0 days 00:01:54.272000,0 days 00:00:54.521000,0 days 00:00:20.865000,0 days 00:00:38.886000,2.0,HARD,9.0,1,Australian Grand Prix,FP3,2026,114.272,54.521,20.865,38.886,113.0635,1.2085000000000008,True
COL,Alpine,10.0,0 days 00:02:09.413000,0 days 00:00:30.986000,0 days 00:00:20.328000,0 days 00:01:18.099000,2.0,HARD,10.0,1,Australian Grand Prix,FP3,2026,129.413,30.986,20.328,78.099,113.0635,16.349500000000006,False
COL,Alpine,11.0,0 days 00:01:51.855000,0 days 00:00:45.199000,0 days 00:00:20.557000,0 days 00:00:46.099000,3.0,HARD,11.0,1,Australian Grand Prix,FP3,2026,111.855,45.199,20.557,46.099,113.0635,-1.2085000000000008,True
COL,Alpine,12.0,0 days 00:01:23.438000,0 days 00:00:29.812000,0 days 00:00:17.932000,0 days 00:00:35.694000,3.0,HARD,12.0,1,Australian Grand Prix,FP3,2026,83.438,29.812,17.932,35.694,113.0635,-29.625500000000002,False
COL,Alpine,13.0,0 days 00:02:01.906000,0 days 00:00:45.256000,0 days 00:00:28.269000,0 days 00:00:48.381000,3.0,HARD,13.0,1,Australian Grand Prix,FP3,2026,121.906,45.256,28.269,48.381,113.0635,8.842500000000001,False
COL,Alpine,14.0,0 days 00:01:22.908000,0 days 00:00:29.157000,0 days 00:00:17.938000,0 days 00:00:35.813000,3.0,HARD,14.0,12,Australian Grand Prix,FP3,2026,82.908,29.157,17.938,35.813,113.0635,-30.155500000000004,False
COL,Alpine,15.0,0 days 00:02:09.012000,0 days 00:00:48.407000,0 days 00:00:35.149000,0 days 00:00:45.456000,3.0,HARD,15.0,21,Australian Grand Prix,FP3,2026,129.012,48.407,35.149,45.456,113.0635,15.948499999999996,False
COL,Alpine,16.0,0 days 00:01:23.336000,0 days 00:00:29.411000,0 days 00:00:17.958000,0 days 00:00:35.967000,3.0,HARD,16.0,1,Australian Grand Prix,FP3,2026,83.336,29.411,17.958,35.967,113.0635,-29.727500000000006,False
COL,Alpine,17.0,,0 days 00:00:38.108000,0 days 00:00:23.264000,,3.0,HARD,17.0,1,Australian Grand Prix,FP3,2026,,38.108,23.264,,113.0635,,False
COL,Alpine,18.0,,0 days 00:00:40.867000,0 days 00:00:20.347000,,4.0,SOFT,1.0,125,Australian Grand Prix,FP3,2026,,40.867,20.347,,113.0635,,True
COL,Alpine,19.0,0 days 00:02:12.233000,0 days 00:01:10.127000,0 days 00:00:20.320000,0 days 00:00:41.786000,5.0,SOFT,2.0,1,Australian Grand Prix,FP3,2026,132.233,70.127,20.32,41.786,113.0635,19.1695,True
COL,Alpine,20.0,0 days 00:01:21.413000,0 days 00:00:28.684000,0 days 00:00:17.739000,0 days 00:00:34.990000,5.0,SOFT,3.0,1,Australian Grand Prix,FP3,2026,81.413,28.684,17.739,34.99,113.0635,-31.650500000000008,False
COL,Alpine,21.0,,0 days 00:00:36.634000,0 days 00:00:25.065000,,5.0,SOFT,4.0,1,Australian Grand Prix,FP3,2026,,36.634,25.065,,113.0635,,False
COL,Alpine,22.0,,0 days 00:00:31.528000,0 days 00:00:18.074000,,5.0,SOFT,5.0,1,Australian Grand Prix,FP3,2026,,31.528,18.074,,113.0635,,False
GAS,Alpine,1.0,0 days 00:01:43.838000,0 days 00:00:41.143000,0 days 00:00:20.609000,0 days 00:00:42.086000,1.0,HARD,1.0,1,Australian Grand Prix,FP3,2026,103.838,41.143,20.609,42.086,93.97,9.867999999999995,True
GAS,Alpine,2.0,0 days 00:01:23.473000,0 days 00:00:29.520000,0 days 00:00:17.934000,0 days 00:00:36.019000,1.0,HARD,2.0,1,Australian Grand Prix,FP3,2026,83.473,29.52,17.934,36.019,93.97,-10.497,False
GAS,Alpine,3.0,0 days 00:01:46.504000,0 days 00:00:39.122000,0 days 00:00:23.223000,0 days 00:00:44.159000,1.0,HARD,3.0,1,Australian Grand Prix,FP3,2026,106.504,39.122,23.223,44.159,93.97,12.534000000000006,False
GAS,Alpine,4.0,0 days 00:01:22.663000,0 days 00:00:29.049000,0 days 00:00:17.909000,0 days 00:00:35.705000,1.0,HARD,4.0,1,Australian Grand Prix,FP3,2026,82.663,29.049,17.909,35.705,93.97,-11.307000000000002,False
GAS,Alpine,5.0,0 days 00:02:21.191000,0 days 00:00:54.088000,0 days 00:00:30.931000,0 days 00:00:56.172000,1.0,HARD,5.0,12,Australian Grand Prix,FP3,2026,141.191,54.088,30.931,56.172,93.97,47.221000000000004,False
GAS,Alpine,6.0,0 days 00:01:55.499000,0 days 00:00:37.326000,0 days 00:00:26.248000,0 days 00:00:51.925000,1.0,HARD,6.0,26,Australian Grand Prix,FP3,2026,115.499,37.326,26.248,51.925,93.97,21.528999999999996,False
GAS,Alpine,7.0,0 days 00:01:57.575000,0 days 00:00:36.816000,0 days 00:00:25.484000,0 days 00:00:55.275000,1.0,HARD,7.0,6,Australian Grand Prix,FP3,2026,117.575,36.816,25.484,55.275,93.97,23.605000000000004,False
GAS,Alpine,8.0,,,,,1.0,HARD,8.0,6512,Australian Grand Prix,FP3,2026,,,,,93.97,,False
GAS,Alpine,9.0,0 days 00:02:14.603000,0 days 00:01:13.026000,0 days 00:00:20.214000,0 days 00:00:41.363000,2.0,HARD,9.0,1,Australian Grand Prix,FP3,2026,134.603,73.026,20.214,41.363,93.97,40.63300000000001,True
GAS,Alpine,10.0,0 days 00:01:26.532000,0 days 00:00:30.537000,0 days 00:00:18.385000,0 days 00:00:37.610000,2.0,HARD,10.0,1,Australian Grand Prix,FP3,2026,86.532,30.537,18.385,37.61,93.97,-7.438000000000002,False
GAS,Alpine,11.0,0 days 00:01:40.613000,0 days 00:00:34.708000,0 days 00:00:20.255000,0 days 00:00:45.650000,2.0,HARD,11.0,1,Australian Grand Prix,FP3,2026,100.613,34.708,20.255,45.65,93.97,6.643000000000001,False
GAS,Alpine,12.0,0 days 00:01:23.046000,0 days 00:00:29.259000,0 days 00:00:17.919000,0 days 00:00:35.868000,2.0,HARD,12.0,1,Australian Grand Prix,FP3,2026,83.046,29.259,17.919,35.868,93.97,-10.923999999999992,False
GAS,Alpine,13.0,0 days 00:01:26.225000,0 days 00:00:30.421000,0 days 00:00:18.617000,0 days 00:00:37.187000,2.0,HARD,13.0,1,Australian Grand Prix,FP3,2026,86.225,30.421,18.617,37.187,93.97,-7.7450000000000045,False
GAS,Alpine,14.0,0 days 00:01:24.539000,0 days 00:00:29.717000,0 days 00:00:18.119000,0 days 00:00:36.703000,2.0,HARD,14.0,1,Australian Grand Prix,FP3,2026,84.539,29.717,18.119,36.703,93.97,-9.430999999999997,False
GAS,Alpine,15.0,0 days 00:01:27.327000,0 days 00:00:32.288000,0 days 00:00:18.541000,0 days 00:00:36.498000,2.0,HARD,15.0,12,Australian Grand Prix,FP3,2026,87.327,32.288,18.541,36.498,93.97,-6.643000000000001,False
GAS,Alpine,16.0,0 days 00:01:24.437000,0 days 00:00:29.266000,0 days 00:00:17.954000,0 days 00:00:37.217000,2.0,HARD,16.0,1,Australian Grand Prix,FP3,2026,84.437,29.266,17.954,37.217,93.97,-9.533000000000001,False
GAS,Alpine,17.0,0 days 00:01:23.782000,0 days 00:00:29.282000,0 days 00:00:17.924000,0 days 00:00:36.576000,2.0,HARD,17.0,1,Australian Grand Prix,FP3,2026,83.782,29.282,17.924,36.576,93.97,-10.188000000000002,False
GAS,Alpine,18.0,0 days 00:01:23.528000,0 days 00:00:29.542000,0 days 00:00:17.790000,0 days 00:00:36.196000,2.0,HARD,18.0,1,Australian Grand Prix,FP3,2026,83.528,29.542,17.79,36.196,93.97,-10.441999999999993,False
GAS,Alpine,19.0,0 days 00:01:43.895000,0 days 00:00:29.502000,0 days 00:00:18.044000,0 days 00:00:56.349000,2.0,HARD,19.0,1,Australian Grand Prix,FP3,2026,103.895,29.502,18.044,56.349,93.97,9.924999999999997,False
GAS,Alpine,20.0,,0 days 00:00:35.388000,0 days 00:00:19.756000,,3.0,HARD,20.0,1,Australian Grand Prix,FP3,2026,,35.388,19.756,,93.97,,True
GAS,Alpine,21.0,,,,,4.0,SOFT,1.0,125,Australian Grand Prix,FP3,2026,,,,,93.97,,True
GAS,Alpine,22.0,0 days 00:02:09.561000,0 days 00:01:05.361000,0 days 00:00:20.214000,0 days 00:00:43.986000,5.0,SOFT,2.0,1,Australian Grand Prix,FP3,2026,129.561,65.361,20.214,43.986,93.97,35.59100000000001,True
GAS,Alpine,23.0,0 days 00:01:21.071000,0 days 00:00:28.456000,0 days 00:00:17.750000,0 days 00:00:34.865000,5.0,SOFT,3.0,1,Australian Grand Prix,FP3,2026,81.071,28.456,17.75,34.865,93.97,-12.899000000000001,False
GAS,Alpine,24.0,0 days 00:01:53.044000,0 days 00:00:43.657000,0 days 00:00:23.140000,0 days 00:00:46.247000,5.0,SOFT,4.0,1,Australian Grand Prix,FP3,2026,113.044,43.657,23.14,46.247,93.97,19.073999999999998,False
GAS,Alpine,25.0,0 days 00:02:27.958000,0 days 00:00:31.095000,0 days 00:00:23.518000,0 days 00:01:33.345000,5.0,SOFT,5.0,1,Australian Grand Prix,FP3,2026,147.958,31.095,23.518,93.345,93.97,53.988,False
GAS,Alpine,26.0,,0 days 00:00:32.633000,0 days 00:00:18.030000,,5.0,SOFT,6.0,1,Australian Grand Prix,FP3,2026,,32.633,18.03,,93.97,,False
HAD,Red Bull Racing,1.0,0 days 00:02:00.651000,0 days 00:00:56.397000,0 days 00:00:20.574000,0 days 00:00:43.680000,1.0,SOFT,1.0,1,Australian Grand Prix,FP3,2026,120.651,56.397,20.574,43.68,82.312,38.339,True
HAD,Red Bull Racing,2.0,0 days 00:01:21.311000,0 days 00:00:28.601000,0 days 00:00:17.632000,0 days 00:00:35.078000,1.0,SOFT,2.0,1,Australian Grand Prix,FP3,2026,81.311,28.601,17.632,35.078,82.312,-1.0009999999999906,False
HAD,Red Bull Racing,3.0,0 days 00:01:51.551000,0 days 00:00:46.499000,0 days 00:00:22.494000,0 days 00:00:42.558000,1.0,SOFT,3.0,1,Australian Grand Prix,FP3,2026,111.551,46.499,22.494,42.558,82.312,29.239000000000004,False
HAD,Red Bull Racing,4.0,0 days 00:01:54.581000,0 days 00:00:35.968000,0 days 00:00:23.627000,0 days 00:00:54.986000,1.0,SOFT,4.0,1,Australian Grand Prix,FP3,2026,114.581,35.968,23.627,54.986,82.312,32.269000000000005,False
HAD,Red Bull Racing,5.0,0 days 00:01:20.691000,0 days 00:00:28.291000,0 days 00:00:17.750000,0 days 00:00:34.650000,1.0,SOFT,5.0,1,Australian Grand Prix,FP3,2026,80.691,28.291,17.75,34.65,82.312,-1.6209999999999951,False
HAD,Red Bull Racing,6.0,0 days 00:01:54.491000,0 days 00:00:45.766000,0 days 00:00:29.531000,0 days 00:00:39.194000,1.0,SOFT,6.0,1,Australian Grand Prix,FP3,2026,114.491,45.766,29.531,39.194,82.312,32.179,False
HAD,Red Bull Racing,7.0,0 days 00:01:21.263000,0 days 00:00:28.472000,0 days 00:00:17.801000,0 days 00:00:34.990000,1.0,SOFT,7.0,12,Australian Grand Prix,FP3,2026,81.263,28.472,17.801,34.99,82.312,-1.0489999999999924,False
HAD,Red Bull Racing,8.0,0 days 00:01:22.449000,0 days 00:00:29.132000,0 days 00:00:18.185000,0 days 00:00:35.132000,1.0,SOFT,8.0,21,Australian Grand Prix,FP3,2026,82.449,29.132,18.185,35.132,82.312,0.13700000000000045,False
HAD,Red Bull Racing,9.0,0 days 00:01:22.025000,0 days 00:00:28.776000,0 days 00:00:18.181000,0 days 00:00:35.068000,1.0,SOFT,9.0,1,Australian Grand Prix,FP3,2026,82.025,28.776,18.181,35.068,82.312,-0.28699999999999193,False
HAD,Red Bull Racing,10.0,0 days 00:01:22.175000,0 days 00:00:28.778000,0 days 00:00:18.305000,0 days 00:00:35.092000,1.0,SOFT,10.0,1,Australian Grand Prix,FP3,2026,82.175,28.778,18.305,35.092,82.312,-0.13700000000000045,False
HAD,Red Bull Racing,11.0,,0 days 00:00:28.659000,0 days 00:00:18.870000,,1.0,SOFT,11.0,125,Australian Grand Prix,FP3,2026,,28.659,18.87,,82.312,,False
HAD,Red Bull Racing,12.0,0 days 00:01:57.347000,0 days 00:00:53.317000,0 days 00:00:21.455000,0 days 00:00:42.575000,2.0,SOFT,1.0,1,Australian Grand Prix,FP3,2026,117.347,53.317,21.455,42.575,82.312,35.035,True
HAD,Red Bull Racing,13.0,0 days 00:01:20.137000,0 days 00:00:28.097000,0 days 00:00:17.725000,0 days 00:00:34.315000,2.0,SOFT,2.0,1,Australian Grand Prix,FP3,2026,80.137,28.097,17.725,34.315,82.312,-2.174999999999997,False
HAD,Red Bull Racing,14.0,,0 days 00:00:47.626000,0 days 00:00:29.229000,0 days 00:01:31.519000,2.0,SOFT,3.0,1,Australian Grand Prix,FP3,2026,,47.626,29.229,91.519,82.312,,False
HAD,Red Bull Racing,15.0,,0 days 00:00:31.781000,0 days 00:00:18.331000,,2.0,SOFT,4.0,1,Australian Grand Prix,FP3,2026,,31.781,18.331,,82.312,,False
HAM,Ferrari,1.0,0 days 00:01:54.228000,0 days 00:00:50.045000,0 days 00:00:20.763000,0 days 00:00:43.420000,1.0,SOFT,1.0,1,Australian Grand Prix,FP3,2026,114.228,50.045,20.763,43.42,102.337,11.890999999999991,True
HAM,Ferrari,2.0,0 days 00:01:21.599000,0 days 00:00:28.754000,0 days 00:00:17.889000,0 days 00:00:34.956000,1.0,SOFT,2.0,1,Australian Grand Prix,FP3,2026,81.599,28.754,17.889,34.956,102.337,-20.738,False
HAM,Ferrari,3.0,0 days 00:02:25.916000,0 days 00:00:54.382000,0 days 00:00:40.050000,0 days 00:00:51.484000,1.0,SOFT,3.0,1,Australian Grand Prix,FP3,2026,145.916,54.382,40.05,51.484,102.337,43.57899999999999,False
HAM,Ferrari,4.0,0 days 00:01:20.572000,0 days 00:00:28.449000,0 days 00:00:17.598000,0 days 00:00:34.525000,1.0,SOFT,4.0,1,Australian Grand Prix,FP3,2026,80.572,28.449,17.598,34.525,102.337,-21.765,False
HAM,Ferrari,5.0,0 days 00:02:15.807000,0 days 00:00:49.538000,0 days 00:00:34.007000,0 days 00:00:52.262000,1.0,SOFT,5.0,12,Australian Grand Prix,FP3,2026,135.807,49.538,34.007,52.262,102.337,33.469999999999985,False
HAM,Ferrari,6.0,0 days 00:01:50.286000,0 days 00:00:33.324000,0 days 00:00:31.039000,0 days 00:00:45.923000,1.0,SOFT,6.0,26,Australian Grand Prix,FP3,2026,110.286,33.324,31.039,45.923,102.337,7.948999999999998,False
HAM,Ferrari,7.0,0 days 00:02:01.930000,0 days 00:00:41.360000,0 days 00:00:28.079000,0 days 00:00:52.491000,1.0,SOFT,7.0,6,Australian Grand Prix,FP3,2026,121.93,41.36,28.079,52.491,102.337,19.593000000000004,False
HAM,Ferrari,8.0,,,,,1.0,SOFT,8.0,6512,Australian Grand Prix,FP3,2026,,,,,102.337,,False
HAM,Ferrari,9.0,0 days 00:02:11.462000,0 days 00:01:07.657000,0 days 00:00:20.291000,0 days 00:00:43.514000,2.0,SOFT,9.0,1,Australian Grand Prix,FP3,2026,131.462,67.657,20.291,43.514,102.337,29.124999999999986,True
HAM,Ferrari,10.0,0 days 00:01:42.337000,0 days 00:00:31.681000,0 days 00:00:23.138000,0 days 00:00:47.518000,2.0,SOFT,10.0,1,Australian Grand Prix,FP3,2026,102.337,31.681,23.138,47.518,102.337,0.0,False
HAM,Ferrari,11.0,0 days 00:01:37.780000,0 days 00:00:28.826000,0 days 00:00:21.760000,0 days 00:00:47.194000,2.0,SOFT,11.0,1,Australian Grand Prix,FP3,2026,97.78,28.826,21.76,47.194,102.337,-4.557000000000002,False
HAM,Ferrari,12.0,0 days 00:01:20.176000,0 days 00:00:28.312000,0 days 00:00:17.560000,0 days 00:00:34.304000,2.0,SOFT,12.0,1,Australian Grand Prix,FP3,2026,80.176,28.312,17.56,34.304,102.337,-22.161,False
HAM,Ferrari,13.0,,0 days 00:00:48.919000,0 days 00:00:44.105000,0 days 00:00:58.900000,2.0,SOFT,13.0,1,Australian Grand Prix,FP3,2026,,48.919,44.105,58.9,102.337,,False
HAM,Ferrari,14.0,0 days 00:01:29.145000,0 days 00:00:29.683000,0 days 00:00:20.843000,0 days 00:00:38.619000,2.0,SOFT,14.0,12,Australian Grand Prix,FP3,2026,89.145,29.683,20.843,38.619,102.337,-13.192000000000007,False
HAM,Ferrari,15.0,0 days 00:01:20.728000,0 days 00:00:28.250000,0 days 00:00:17.721000,0 days 00:00:34.757000,2.0,SOFT,15.0,1,Australian Grand Prix,FP3,2026,80.728,28.25,17.721,34.757,102.337,-21.60900000000001,False
HAM,Ferrari,16.0,0 days 00:01:53.402000,0 days 00:00:44.788000,0 days 00:00:26.732000,0 days 00:00:41.882000,2.0,SOFT,16.0,1,Australian Grand Prix,FP3,2026,113.402,44.788,26.732,41.882,102.337,11.064999999999998,False
HAM,Ferrari,17.0,0 days 00:01:20.243000,0 days 00:00:27.957000,0 days 00:00:17.676000,0 days 00:00:34.610000,2.0,SOFT,17.0,1,Australian Grand Prix,FP3,2026,80.243,27.957,17.676,34.61,102.337,-22.09400000000001,False
HAM,Ferrari,18.0,,0 days 00:00:37.948000,0 days 00:00:21.254000,,2.0,SOFT,18.0,125,Australian Grand Prix,FP3,2026,,37.948,21.254,,102.337,,False
HAM,Ferrari,19.0,0 days 00:02:11.811000,0 days 00:01:06.201000,0 days 00:00:20.310000,0 days 00:00:45.300000,3.0,SOFT,1.0,1,Australian Grand Prix,FP3,2026,131.811,66.201,20.31,45.3,102.337,29.474000000000004,True
HAM,Ferrari,20.0,0 days 00:01:19.669000,0 days 00:00:28.010000,0 days 00:00:17.431000,0 days 00:00:34.228000,3.0,SOFT,2.0,1,Australian Grand Prix,FP3,2026,79.669,28.01,17.431,34.228,102.337,-22.668000000000006,False
HAM,Ferrari,21.0,,0 days 00:00:40.615000,0 days 00:00:28.323000,0 days 00:01:29.119000,3.0,SOFT,3.0,1,Australian Grand Prix,FP3,2026,,40.615,28.323,89.119,102.337,,False
HAM,Ferrari,22.0,,0 days 00:00:34.498000,0 days 00:00:19.351000,,3.0,SOFT,4.0,1,Australian Grand Prix,FP3,2026,,34.498,19.351,,102.337,,False
HUL,Audi,1.0,0 days 00:01:55.013000,0 days 00:00:55.264000,0 days 00:00:20.326000,0 days 00:00:39.423000,1.0,SOFT,1.0,1,Australian Grand Prix,FP3,2026,115.013,55.264,20.326,39.423,96.537,18.476,True
HUL,Audi,2.0,0 days 00:01:40.144000,0 days 00:00:31.315000,0 days 00:00:19.501000,0 days 00:00:49.328000,1.0,SOFT,2.0,1,Australian Grand Prix,FP3,2026,100.144,31.315,19.501,49.328,96.537,3.6069999999999993,False
HUL,Audi,3.0,0 days 00:01:22.129000,0 days 00:00:29.258000,0 days 00:00:17.750000,0 days 00:00:35.121000,1.0,SOFT,3.0,1,Australian Grand Prix,FP3,2026,82.129,29.258,17.75,35.121,96.537,-14.408000000000001,False
HUL,Audi,4.0,0 days 00:02:00.064000,0 days 00:00:41.722000,0 days 00:00:27.356000,0 days 00:00:50.986000,1.0,SOFT,4.0,12,Australian Grand Prix,FP3,2026,120.064,41.722,27.356,50.986,96.537,23.526999999999987,False
HUL,Audi,5.0,0 days 00:01:34.645000,0 days 00:00:28.955000,0 days 00:00:17.708000,0 days 00:00:47.982000,1.0,SOFT,5.0,26,Australian Grand Prix,FP3,2026,94.645,28.955,17.708,47.982,96.537,-1.8920000000000101,False
HUL,Audi,6.0,0 days 00:01:55.975000,0 days 00:00:42.254000,0 days 00:00:25.513000,0 days 00:00:48.208000,1.0,SOFT,6.0,6,Australian Grand Prix,FP3,2026,115.975,42.254,25.513,48.208,96.537,19.437999999999988,False
HUL,Audi,7.0,,0 days 00:00:37.204000,,,1.0,SOFT,7.0,6512,Australian Grand Prix,FP3,2026,,37.204,,,96.537,,False
HUL,Audi,8.0,0 days 00:01:57.940000,0 days 00:01:01.028000,0 days 00:00:19.539000,0 days 00:00:37.373000,2.0,SOFT,8.0,1,Australian Grand Prix,FP3,2026,117.94,61.028,19.539,37.373,96.537,21.40299999999999,True
HUL,Audi,9.0,0 days 00:01:36.537000,0 days 00:00:29.707000,0 days 00:00:19.381000,0 days 00:00:47.449000,2.0,SOFT,9.0,1,Australian Grand Prix,FP3,2026,96.537,29.707,19.381,47.449,96.537,0.0,False
HUL,Audi,10.0,0 days 00:01:21.067000,0 days 00:00:28.434000,0 days 00:00:17.717000,0 days 00:00:34.916000,2.0,SOFT,10.0,1,Australian Grand Prix,FP3,2026,81.067,28.434,17.717,34.916,96.537,-15.470000000000013,False
HUL,Audi,11.0,0 days 00:02:03.300000,0 days 00:00:41.905000,0 days 00:00:20.283000,0 days 00:01:01.112000,2.0,SOFT,11.0,1,Australian Grand Prix,FP3,2026,123.3,41.905,20.283,61.112,96.537,26.76299999999999,False
HUL,Audi,12.0,0 days 00:01:52.306000,0 days 00:00:38.848000,0 days 00:00:19.739000,0 days 00:00:53.719000,3.0,SOFT,12.0,1,Australian Grand Prix,FP3,2026,112.306,38.848,19.739,53.719,96.537,15.768999999999991,True
HUL,Audi,13.0,0 days 00:01:21.716000,0 days 00:00:28.938000,0 days 00:00:17.592000,0 days 00:00:35.186000,3.0,SOFT,13.0,12,Australian Grand Prix,FP3,2026,81.716,28.938,17.592,35.186,96.537,-14.821000000000012,False
HUL,Audi,14.0,,0 days 00:00:33.023000,0 days 00:00:24.160000,,3.0,SOFT,14.0,1,Australian Grand Prix,FP3,2026,,33.023,24.16,,96.537,,False
HUL,Audi,15.0,0 days 00:01:35.606000,0 days 00:00:37.860000,0 days 00:00:19.613000,0 days 00:00:38.133000,4.0,SOFT,1.0,1,Australian Grand Prix,FP3,2026,95.606,37.86,19.613,38.133,96.537,-0.9310000000000116,True
HUL,Audi,16.0,0 days 00:01:29.567000,0 days 00:00:30.068000,0 days 00:00:19.949000,0 days 00:00:39.550000,4.0,SOFT,2.0,1,Australian Grand Prix,FP3,2026,89.567,30.068,19.949,39.55,96.537,-6.970000000000013,False
HUL,Audi,17.0,0 days 00:01:22.510000,0 days 00:00:28.381000,0 days 00:00:17.766000,0 days 00:00:36.363000,4.0,SOFT,3.0,1,Australian Grand Prix,FP3,2026,82.51,28.381,17.766,36.363,96.537,-14.027000000000001,False
HUL,Audi,18.0,,0 days 00:00:43.356000,0 days 00:00:27.898000,,4.0,SOFT,4.0,125,Australian Grand Prix,FP3,2026,,43.356,27.898,,96.537,,False
HUL,Audi,19.0,0 days 00:02:06.538000,0 days 00:00:58.681000,0 days 00:00:19.768000,0 days 00:00:48.089000,5.0,SOFT,5.0,1,Australian Grand Prix,FP3,2026,126.538,58.681,19.768,48.089,96.537,30.00099999999999,True
HUL,Audi,20.0,0 days 00:01:21.644000,0 days 00:00:28.939000,0 days 00:00:17.937000,0 days 00:00:34.768000,5.0,SOFT,6.0,1,Australian Grand Prix,FP3,2026,81.644,28.939,17.937,34.768,96.537,-14.893,False
HUL,Audi,21.0,,0 days 00:00:35.197000,0 days 00:00:26.044000,0 days 00:01:36.238000,5.0,SOFT,7.0,1,Australian Grand Prix,FP3,2026,,35.197,26.044,96.238,96.537,,False
HUL,Audi,22.0,,0 days 00:00:39.194000,0 days 00:00:19.132000,,5.0,SOFT,8.0,1,Australian Grand Prix,FP3,2026,,39.194,19.132,,96.537,,False
LAW,Racing Bulls,1.0,0 days 00:02:15.090000,0 days 00:01:11.225000,0 days 00:00:21.079000,0 days 00:00:42.786000,1.0,HARD,1.0,1,Australian Grand Prix,FP3,2026,135.09,71.225,21.079,42.786,111.01750000000001,24.07249999999999,True
LAW,Racing Bulls,2.0,0 days 00:01:22.199000,0 days 00:00:29.159000,0 days 00:00:17.680000,0 days 00:00:35.360000,1.0,HARD,2.0,1,Australian Grand Prix,FP3,2026,82.199,29.159,17.68,35.36,111.01750000000001,-28.818500000000014,False
LAW,Racing Bulls,3.0,0 days 00:01:52.355000,0 days 00:00:41.477000,0 days 00:00:27.070000,0 days 00:00:43.808000,1.0,HARD,3.0,1,Australian Grand Prix,FP3,2026,112.355,41.477,27.07,43.808,111.01750000000001,1.3374999999999915,False
LAW,Racing Bulls,4.0,0 days 00:01:21.466000,0 days 00:00:28.765000,0 days 00:00:17.642000,0 days 00:00:35.059000,1.0,HARD,4.0,1,Australian Grand Prix,FP3,2026,81.466,28.765,17.642,35.059,111.01750000000001,-29.55150000000002,False
LAW,Racing Bulls,5.0,0 days 00:01:49.680000,0 days 00:00:36.628000,0 days 00:00:26.554000,0 days 00:00:46.498000,1.0,HARD,5.0,1,Australian Grand Prix,FP3,2026,109.68,36.628,26.554,46.498,111.01750000000001,-1.3375000000000057,False
LAW,Racing Bulls,6.0,0 days 00:01:21.217000,0 days 00:00:28.657000,0 days 00:00:17.554000,0 days 00:00:35.006000,1.0,HARD,6.0,1,Australian Grand Prix,FP3,2026,81.217,28.657,17.554,35.006,111.01750000000001,-29.800500000000014,False
LAW,Racing Bulls,7.0,0 days 00:02:11.895000,0 days 00:01:07.292000,0 days 00:00:22.203000,0 days 00:00:42.400000,1.0,HARD,7.0,12,Australian Grand Prix,FP3,2026,131.895,67.292,22.203,42.4,111.01750000000001,20.877499999999998,False
LAW,Racing Bulls,8.0,0 days 00:01:20.890000,0 days 00:00:28.570000,0 days 00:00:17.607000,0 days 00:00:34.713000,1.0,HARD,8.0,1,Australian Grand Prix,FP3,2026,80.89,28.57,17.607,34.713,111.01750000000001,-30.127500000000012,False
LAW,Racing Bulls,9.0,0 days 00:01:52.734000,0 days 00:00:34.730000,0 days 00:00:23.201000,0 days 00:00:54.803000,1.0,HARD,9.0,1,Australian Grand Prix,FP3,2026,112.734,34.73,23.201,54.803,111.01750000000001,1.7164999999999822,False
LAW,Racing Bulls,10.0,,0 days 00:01:10.256000,0 days 00:00:20.518000,,2.0,HARD,10.0,1,Australian Grand Prix,FP3,2026,,70.256,20.518,,111.01750000000001,,True
LAW,Racing Bulls,11.0,,0 days 00:00:42.806000,0 days 00:00:20.731000,,3.0,SOFT,1.0,125,Australian Grand Prix,FP3,2026,,42.806,20.731,,111.01750000000001,,True
LAW,Racing Bulls,12.0,0 days 00:02:07.940000,0 days 00:00:55.037000,0 days 00:00:22.895000,0 days 00:00:50.008000,4.0,SOFT,2.0,1,Australian Grand Prix,FP3,2026,127.94,55.037,22.895,50.008,111.01750000000001,16.922499999999985,True
LAW,Racing Bulls,13.0,,0 days 00:00:28.431000,0 days 00:00:19.905000,,4.0,SOFT,3.0,1,Australian Grand Prix,FP3,2026,,28.431,19.905,,111.01750000000001,,False
LEC,Ferrari,1.0,0 days 00:01:54.579000,0 days 00:00:40.945000,0 days 00:00:21.264000,0 days 00:00:52.370000,1.0,SOFT,1.0,12,Australian Grand Prix,FP3,2026,114.579,40.945,21.264,52.37,106.721,7.85799999999999,True
LEC,Ferrari,2.0,0 days 00:01:54.611000,0 days 00:00:36.909000,0 days 00:00:21.540000,0 days 00:00:56.162000,1.0,SOFT,2.0,26,Australian Grand Prix,FP3,2026,114.611,36.909,21.54,56.162,106.721,7.890000000000001,False
LEC,Ferrari,3.0,0 days 00:01:52.015000,0 days 00:00:37.149000,0 days 00:00:23.381000,0 days 00:00:51.485000,1.0,SOFT,3.0,6,Australian Grand Prix,FP3,2026,112.015,37.149,23.381,51.485,106.721,5.293999999999997,False
LEC,Ferrari,4.0,,,,,1.0,SOFT,4.0,6512,Australian Grand Prix,FP3,2026,,,,,106.721,,False
LEC,Ferrari,5.0,,,0 days 00:00:20.938000,0 days 00:00:38.886000,2.0,SOFT,5.0,1,Australian Grand Prix,FP3,2026,,,20.938,38.886,106.721,,True
LEC,Ferrari,6.0,0 days 00:01:20.979000,0 days 00:00:28.448000,0 days 00:00:17.929000,0 days 00:00:34.602000,2.0,SOFT,6.0,1,Australian Grand Prix,FP3,2026,80.979,28.448,17.929,34.602,106.721,-25.742000000000004,False
LEC,Ferrari,7.0,0 days 00:01:53.168000,0 days 00:00:41.739000,0 days 00:00:23.033000,0 days 00:00:48.396000,2.0,SOFT,7.0,1,Australian Grand Prix,FP3,2026,113.168,41.739,23.033,48.396,106.721,6.447000000000003,False
LEC,Ferrari,8.0,0 days 00:01:20.271000,0 days 00:00:28.174000,0 days 00:00:17.592000,0 days 00:00:34.505000,2.0,SOFT,8.0,1,Australian Grand Prix,FP3,2026,80.271,28.174,17.592,34.505,106.721,-26.450000000000003,False
LEC,Ferrari,9.0,0 days 00:02:26.044000,0 days 00:00:42.256000,0 days 00:00:32.919000,0 days 00:01:10.869000,2.0,SOFT,9.0,1,Australian Grand Prix,FP3,2026,146.044,42.256,32.919,70.869,106.721,39.32300000000001,False
LEC,Ferrari,10.0,0 days 00:02:14.903000,0 days 00:00:56.697000,0 days 00:00:20.154000,0 days 00:00:58.052000,3.0,SOFT,10.0,1,Australian Grand Prix,FP3,2026,134.903,56.697,20.154,58.052,106.721,28.181999999999988,True
LEC,Ferrari,11.0,0 days 00:01:39.546000,0 days 00:00:30.965000,0 days 00:00:21.160000,0 days 00:00:47.421000,3.0,SOFT,11.0,12,Australian Grand Prix,FP3,2026,99.546,30.965,21.16,47.421,106.721,-7.174999999999997,False
LEC,Ferrari,12.0,0 days 00:01:19.827000,0 days 00:00:27.915000,0 days 00:00:17.540000,0 days 00:00:34.372000,3.0,SOFT,12.0,1,Australian Grand Prix,FP3,2026,79.827,27.915,17.54,34.372,106.721,-26.894000000000005,False
LEC,Ferrari,13.0,0 days 00:01:47.101000,0 days 00:00:36.416000,0 days 00:00:25.565000,0 days 00:00:45.120000,3.0,SOFT,13.0,1,Australian Grand Prix,FP3,2026,107.101,36.416,25.565,45.12,106.721,0.37999999999999545,False
LEC,Ferrari,14.0,0 days 00:01:19.869000,0 days 00:00:27.786000,0 days 00:00:17.626000,0 days 00:00:34.457000,3.0,SOFT,14.0,1,Australian Grand Prix,FP3,2026,79.869,27.786,17.626,34.457,106.721,-26.852000000000004,False
LEC,Ferrari,15.0,,0 days 00:00:31.087000,0 days 00:00:20.058000,,3.0,SOFT,15.0,125,Australian Grand Prix,FP3,2026,,31.087,20.058,,106.721,,False
LEC,Ferrari,16.0,,,0 days 00:00:22.207000,0 days 00:00:40.082000,4.0,SOFT,1.0,1,Australian Grand Prix,FP3,2026,,,22.207,40.082,106.721,,True
LEC,Ferrari,17.0,0 days 00:01:19.935000,0 days 00:00:28.111000,0 days 00:00:17.615000,0 days 00:00:34.209000,4.0,SOFT,2.0,1,Australian Grand Prix,FP3,2026,79.935,28.111,17.615,34.209,106.721,-26.786,False
LEC,Ferrari,18.0,0 days 00:01:46.341000,0 days 00:00:34.304000,0 days 00:00:23.516000,0 days 00:00:48.521000,4.0,SOFT,3.0,1,Australian Grand Prix,FP3,2026,106.341,34.304,23.516,48.521,106.721,-0.38000000000000966,False
LEC,Ferrari,19.0,,0 days 00:00:33.206000,0 days 00:00:22.319000,,4.0,SOFT,4.0,1,Australian Grand Prix,FP3,2026,,33.206,22.319,,106.721,,False
LEC,Ferrari,20.0,,0 days 00:00:31.614000,0 days 00:00:18.519000,,4.0,SOFT,5.0,1,Australian Grand Prix,FP3,2026,,31.614,18.519,,106.721,,False
LIN,Racing Bulls,1.0,0 days 00:02:12.155000,0 days 00:01:06.335000,0 days 00:00:21.277000,0 days 00:00:44.543000,1.0,HARD,1.0,1,Australian Grand Prix,FP3,2026,132.155,66.335,21.277,44.543,105.57849999999999,26.57650000000001,True
LIN,Racing Bulls,2.0,0 days 00:01:22.793000,0 days 00:00:29.466000,0 days 00:00:17.743000,0 days 00:00:35.584000,1.0,HARD,2.0,1,Australian Grand Prix,FP3,2026,82.793,29.466,17.743,35.584,105.57849999999999,-22.785499999999985,False
LIN,Racing Bulls,3.0,0 days 00:01:43.962000,0 days 00:00:35.865000,0 days 00:00:22.735000,0 days 00:00:45.362000,1.0,HARD,3.0,1,Australian Grand Prix,FP3,2026,103.962,35.865,22.735,45.362,105.57849999999999,-1.6164999999999878,False
LIN,Racing Bulls,4.0,0 days 00:01:21.458000,0 days 00:00:28.788000,0 days 00:00:17.579000,0 days 00:00:35.091000,1.0,HARD,4.0,1,Australian Grand Prix,FP3,2026,81.458,28.788,17.579,35.091,105.57849999999999,-24.120499999999993,False
LIN,Racing Bulls,5.0,0 days 00:01:52.962000,0 days 00:00:36.204000,0 days 00:00:25.319000,0 days 00:00:51.439000,1.0,HARD,5.0,1,Australian Grand Prix,FP3,2026,112.962,36.204,25.319,51.439,105.57849999999999,7.383500000000012,False
LIN,Racing Bulls,6.0,0 days 00:01:53.037000,0 days 00:00:31.141000,0 days 00:00:27.440000,0 days 00:00:54.456000,1.0,HARD,6.0,1,Australian Grand Prix,FP3,2026,113.037,31.141,27.44,54.456,105.57849999999999,7.458500000000015,False
LIN,Racing Bulls,7.0,0 days 00:01:21.109000,0 days 00:00:28.598000,0 days 00:00:17.609000,0 days 00:00:34.902000,1.0,HARD,7.0,12,Australian Grand Prix,FP3,2026,81.109,28.598,17.609,34.902,105.57849999999999,-24.469499999999996,False
LIN,Racing Bulls,8.0,0 days 00:01:47.195000,0 days 00:00:33.824000,0 days 00:00:23.292000,0 days 00:00:50.079000,1.0,HARD,8.0,1,Australian Grand Prix,FP3,2026,107.195,33.824,23.292,50.079,105.57849999999999,1.616500000000002,False
LIN,Racing Bulls,9.0,,0 days 00:01:08.249000,0 days 00:00:18.278000,,2.0,HARD,9.0,1,Australian Grand Prix,FP3,2026,,68.249,18.278,,105.57849999999999,,True
LIN,Racing Bulls,10.0,0 days 00:01:42.468000,0 days 00:00:41.421000,0 days 00:00:20.808000,0 days 00:00:40.239000,3.0,SOFT,1.0,12,Australian Grand Prix,FP3,2026,102.468,41.421,20.808,40.239,105.57849999999999,-3.1104999999999876,True
LIN,Racing Bulls,11.0,,,,,3.0,SOFT,2.0,251,Australian Grand Prix,FP3,2026,,,,,105.57849999999999,,False
LIN,Racing Bulls,12.0,0 days 00:02:15.403000,0 days 00:01:11.812000,0 days 00:00:21.128000,0 days 00:00:42.463000,4.0,SOFT,3.0,1,Australian Grand Prix,FP3,2026,135.403,71.812,21.128,42.463,105.57849999999999,29.8245,True
LIN,Racing Bulls,13.0,0 days 00:01:20.838000,0 days 00:00:28.624000,0 days 00:00:17.589000,0 days 00:00:34.625000,4.0,SOFT,4.0,1,Australian Grand Prix,FP3,2026,80.838,28.624,17.589,34.625,105.57849999999999,-24.740499999999997,False
LIN,Racing Bulls,14.0,0 days 00:02:03.245000,0 days 00:00:38.039000,0 days 00:00:22.440000,0 days 00:01:02.766000,4.0,SOFT,5.0,1,Australian Grand Prix,FP3,2026,123.245,38.039,22.44,62.766,105.57849999999999,17.666500000000013,False
LIN,Racing Bulls,15.0,,0 days 00:00:53.613000,0 days 00:00:17.880000,,4.0,SOFT,6.0,1,Australian Grand Prix,FP3,2026,,53.613,17.88,,105.57849999999999,,False
NOR,McLaren,1.0,0 days 00:02:28.300000,0 days 00:01:20.197000,0 days 00:00:21.307000,0 days 00:00:46.796000,1.0,SOFT,1.0,1,Australian Grand Prix,FP3,2026,148.3,80.197,21.307,46.796,98.32650000000001,49.9735,True
NOR,McLaren,2.0,0 days 00:01:40.995000,0 days 00:00:34.687000,0 days 00:00:20.724000,0 days 00:00:45.584000,1.0,SOFT,2.0,12,Australian Grand Prix,FP3,2026,100.995,34.687,20.724,45.584,98.32650000000001,2.6684999999999945,False
NOR,McLaren,3.0,0 days 00:01:27.517000,0 days 00:00:28.821000,0 days 00:00:17.877000,0 days 00:00:40.819000,1.0,SOFT,3.0,26,Australian Grand Prix,FP3,2026,87.517,28.821,17.877,40.819,98.32650000000001,-10.809500000000014,False
NOR,McLaren,4.0,0 days 00:02:09.252000,0 days 00:00:48.332000,0 days 00:00:25.025000,0 days 00:00:55.895000,1.0,SOFT,4.0,6,Australian Grand Prix,FP3,2026,129.252,48.332,25.025,55.895,98.32650000000001,30.9255,False
NOR,McLaren,5.0,,0 days 00:00:40.239000,0 days 00:00:27.328000,,1.0,SOFT,5.0,6512,Australian Grand Prix,FP3,2026,,40.239,27.328,,98.32650000000001,,False
NOR,McLaren,6.0,,0 days 00:01:33.720000,0 days 00:00:20.735000,0 days 00:00:40.271000,2.0,SOFT,6.0,1,Australian Grand Prix,FP3,2026,,93.72,20.735,40.271,98.32650000000001,,True
NOR,McLaren,7.0,0 days 00:01:21.438000,0 days 00:00:28.357000,0 days 00:00:18.139000,0 days 00:00:34.942000,2.0,SOFT,7.0,1,Australian Grand Prix,FP3,2026,81.438,28.357,18.139,34.942,98.32650000000001,-16.888500000000008,False
NOR,McLaren,8.0,0 days 00:01:56.975000,0 days 00:00:41.083000,0 days 00:00:25.693000,0 days 00:00:50.199000,2.0,SOFT,8.0,1,Australian Grand Prix,FP3,2026,116.975,41.083,25.693,50.199,98.32650000000001,18.648499999999984,False
NOR,McLaren,9.0,0 days 00:01:55.536000,0 days 00:00:38.567000,0 days 00:00:25.496000,0 days 00:00:51.473000,2.0,SOFT,9.0,1,Australian Grand Prix,FP3,2026,115.536,38.567,25.496,51.473,98.32650000000001,17.20949999999999,False
NOR,McLaren,10.0,0 days 00:01:35.658000,0 days 00:00:36.340000,0 days 00:00:20.518000,0 days 00:00:38.800000,2.0,SOFT,10.0,1,Australian Grand Prix,FP3,2026,95.658,36.34,20.518,38.8,98.32650000000001,-2.6685000000000088,False
NOR,McLaren,11.0,0 days 00:01:21.163000,0 days 00:00:28.400000,0 days 00:00:17.983000,0 days 00:00:34.780000,2.0,SOFT,11.0,1,Australian Grand Prix,FP3,2026,81.163,28.4,17.983,34.78,98.32650000000001,-17.163500000000013,False
NOR,McLaren,12.0,0 days 00:01:52.408000,0 days 00:00:39.435000,0 days 00:00:25.198000,0 days 00:00:47.775000,2.0,SOFT,12.0,12,Australian Grand Prix,FP3,2026,112.408,39.435,25.198,47.775,98.32650000000001,14.081499999999991,False
NOR,McLaren,13.0,0 days 00:01:45.721000,0 days 00:00:35.779000,0 days 00:00:24.101000,0 days 00:00:45.841000,2.0,SOFT,13.0,21,Australian Grand Prix,FP3,2026,105.721,35.779,24.101,45.841,98.32650000000001,7.394499999999994,False
NOR,McLaren,14.0,0 days 00:01:21.458000,0 days 00:00:28.298000,0 days 00:00:17.807000,0 days 00:00:35.353000,2.0,SOFT,14.0,1,Australian Grand Prix,FP3,2026,81.458,28.298,17.807,35.353,98.32650000000001,-16.86850000000001,False
NOR,McLaren,15.0,0 days 00:01:50.214000,0 days 00:00:39.663000,0 days 00:00:24.962000,0 days 00:00:45.589000,2.0,SOFT,15.0,1,Australian Grand Prix,FP3,2026,110.214,39.663,24.962,45.589,98.32650000000001,11.887499999999989,False
NOR,McLaren,16.0,0 days 00:01:21.039000,0 days 00:00:28.496000,0 days 00:00:17.932000,0 days 00:00:34.611000,2.0,SOFT,16.0,1,Australian Grand Prix,FP3,2026,81.039,28.496,17.932,34.611,98.32650000000001,-17.28750000000001,False
NOR,McLaren,17.0,,0 days 00:00:32.350000,0 days 00:00:20.925000,,2.0,SOFT,17.0,125,Australian Grand Prix,FP3,2026,,32.35,20.925,,98.32650000000001,,False
NOR,McLaren,18.0,,,0 days 00:00:20.151000,0 days 00:00:39.354000,3.0,SOFT,1.0,1,Australian Grand Prix,FP3,2026,,,20.151,39.354,98.32650000000001,,True
NOR,McLaren,19.0,0 days 00:01:20.443000,0 days 00:00:28.224000,0 days 00:00:17.784000,0 days 00:00:34.435000,3.0,SOFT,2.0,1,Australian Grand Prix,FP3,2026,80.443,28.224,17.784,34.435,98.32650000000001,-17.883500000000012,False
NOR,McLaren,20.0,0 days 00:01:27.635000,0 days 00:00:31.166000,0 days 00:00:20.780000,0 days 00:00:35.689000,3.0,SOFT,3.0,1,Australian Grand Prix,FP3,2026,87.635,31.166,20.78,35.689,98.32650000000001,-10.691500000000005,False
NOR,McLaren,21.0,,0 days 00:00:37.383000,0 days 00:00:24.431000,,3.0,SOFT,4.0,1,Australian Grand Prix,FP3,2026,,37.383,24.431,,98.32650000000001,,False
NOR,McLaren,22.0,,0 days 00:00:37.138000,0 days 00:00:18.221000,,3.0,SOFT,5.0,1,Australian Grand Prix,FP3,2026,,37.138,18.221,,98.32650000000001,,False
OCO,Haas F1 Team,1.0,0 days 00:01:45.958000,0 days 00:00:41.746000,0 days 00:00:21.705000,0 days 00:00:42.507000,1.0,MEDIUM,1.0,1,Australian Grand Prix,FP3,2026,105.958,41.746,21.705,42.507,102.77799999999999,3.180000000000007,True
OCO,Haas F1 Team,2.0,0 days 00:01:31.194000,0 days 00:00:29.966000,0 days 00:00:18.224000,0 days 00:00:43.004000,1.0,MEDIUM,2.0,12,Australian Grand Prix,FP3,2026,91.194,29.966,18.224,43.004,102.77799999999999,-11.583999999999989,False
OCO,Haas F1 Team,3.0,0 days 00:01:55.379000,0 days 00:00:39.773000,0 days 00:00:25.440000,0 days 00:00:50.166000,1.0,MEDIUM,3.0,2,Australian Grand Prix,FP3,2026,115.379,39.773,25.44,50.166,102.77799999999999,12.601000000000013,False
OCO,Haas F1 Team,4.0,0 days 00:02:03.590000,0 days 00:00:41.504000,0 days 00:00:26.027000,0 days 00:00:56.059000,1.0,MEDIUM,4.0,26,Australian Grand Prix,FP3,2026,123.59,41.504,26.027,56.059,102.77799999999999,20.812000000000012,False
OCO,Haas F1 Team,5.0,,0 days 00:00:40.864000,0 days 00:00:27.848000,,1.0,MEDIUM,5.0,6512,Australian Grand Prix,FP3,2026,,40.864,27.848,,102.77799999999999,,False
OCO,Haas F1 Team,6.0,0 days 00:02:03.412000,0 days 00:01:00.085000,0 days 00:00:20.203000,0 days 00:00:43.124000,2.0,MEDIUM,6.0,1,Australian Grand Prix,FP3,2026,123.412,60.085,20.203,43.124,102.77799999999999,20.634000000000015,True
OCO,Haas F1 Team,7.0,0 days 00:01:24.182000,0 days 00:00:29.704000,0 days 00:00:18.159000,0 days 00:00:36.319000,2.0,MEDIUM,7.0,1,Australian Grand Prix,FP3,2026,84.182,29.704,18.159,36.319,102.77799999999999,-18.59599999999999,False
OCO,Haas F1 Team,8.0,0 days 00:01:41.732000,0 days 00:00:37.211000,0 days 00:00:20.483000,0 days 00:00:44.038000,2.0,MEDIUM,8.0,1,Australian Grand Prix,FP3,2026,101.732,37.211,20.483,44.038,102.77799999999999,-1.0459999999999923,False
OCO,Haas F1 Team,9.0,0 days 00:01:22.485000,0 days 00:00:29.355000,0 days 00:00:17.842000,0 days 00:00:35.288000,2.0,MEDIUM,9.0,1,Australian Grand Prix,FP3,2026,82.485,29.355,17.842,35.288,102.77799999999999,-20.292999999999992,False
OCO,Haas F1 Team,10.0,0 days 00:01:47.349000,0 days 00:00:43.095000,0 days 00:00:23.881000,0 days 00:00:40.373000,2.0,MEDIUM,10.0,1,Australian Grand Prix,FP3,2026,107.349,43.095,23.881,40.373,102.77799999999999,4.571000000000012,False
OCO,Haas F1 Team,11.0,0 days 00:01:22.421000,0 days 00:00:29.139000,0 days 00:00:18.006000,0 days 00:00:35.276000,2.0,MEDIUM,11.0,1,Australian Grand Prix,FP3,2026,82.421,29.139,18.006,35.276,102.77799999999999,-20.356999999999985,False
OCO,Haas F1 Team,12.0,,0 days 00:00:42.450000,0 days 00:00:23.401000,,2.0,MEDIUM,12.0,12,Australian Grand Prix,FP3,2026,,42.45,23.401,,102.77799999999999,,False
OCO,Haas F1 Team,13.0,0 days 00:01:43.824000,0 days 00:00:42.023000,0 days 00:00:20.927000,0 days 00:00:40.874000,3.0,SOFT,1.0,12,Australian Grand Prix,FP3,2026,103.824,42.023,20.927,40.874,102.77799999999999,1.0460000000000065,True
OCO,Haas F1 Team,14.0,,,,,3.0,SOFT,2.0,251,Australian Grand Prix,FP3,2026,,,,,102.77799999999999,,False
OCO,Haas F1 Team,15.0,0 days 00:02:03.466000,0 days 00:01:04.024000,0 days 00:00:21.220000,0 days 00:00:38.222000,4.0,SOFT,3.0,1,Australian Grand Prix,FP3,2026,123.466,64.024,21.22,38.222,102.77799999999999,20.688000000000002,True
OCO,Haas F1 Team,16.0,0 days 00:01:34.204000,0 days 00:00:30.592000,0 days 00:00:20.043000,0 days 00:00:43.569000,4.0,SOFT,4.0,1,Australian Grand Prix,FP3,2026,94.204,30.592,20.043,43.569,102.77799999999999,-8.573999999999998,False
OCO,Haas F1 Team,17.0,0 days 00:01:20.983000,0 days 00:00:28.643000,0 days 00:00:17.645000,0 days 00:00:34.695000,4.0,SOFT,5.0,1,Australian Grand Prix,FP3,2026,80.983,28.643,17.645,34.695,102.77799999999999,-21.794999999999987,False
OCO,Haas F1 Team,18.0,,0 days 00:00:38.564000,0 days 00:00:23.810000,,4.0,SOFT,6.0,1,Australian Grand Prix,FP3,2026,,38.564,23.81,,102.77799999999999,,False
OCO,Haas F1 Team,19.0,,0 days 00:00:31.127000,0 days 00:00:25.313000,,4.0,SOFT,7.0,1,Australian Grand Prix,FP3,2026,,31.127,25.313,,102.77799999999999,,False
PER,Cadillac,1.0,0 days 00:01:47.154000,0 days 00:00:42.371000,0 days 00:00:21.693000,0 days 00:00:43.090000,1.0,MEDIUM,1.0,1,Australian Grand Prix,FP3,2026,107.154,42.371,21.693,43.09,86.3565,20.7975,True
PER,Cadillac,2.0,0 days 00:01:25.722000,0 days 00:00:30.497000,0 days 00:00:18.193000,0 days 00:00:37.032000,1.0,MEDIUM,2.0,1,Australian Grand Prix,FP3,2026,85.722,30.497,18.193,37.032,86.3565,-0.6345000000000027,False
PER,Cadillac,3.0,0 days 00:02:10.030000,0 days 00:00:45.499000,0 days 00:00:35.984000,0 days 00:00:48.547000,1.0,MEDIUM,3.0,1,Australian Grand Prix,FP3,2026,130.03,45.499,35.984,48.547,86.3565,43.673500000000004,False
PER,Cadillac,4.0,0 days 00:01:24.397000,0 days 00:00:29.862000,0 days 00:00:18.168000,0 days 00:00:36.367000,1.0,MEDIUM,4.0,1,Australian Grand Prix,FP3,2026,84.397,29.862,18.168,36.367,86.3565,-1.9594999999999914,False
PER,Cadillac,5.0,,0 days 00:00:46.284000,0 days 00:00:25.055000,,1.0,MEDIUM,5.0,1265,Australian Grand Prix,FP3,2026,,46.284,25.055,,86.3565,,False
PER,Cadillac,6.0,,0 days 00:01:27.896000,0 days 00:00:19.755000,0 days 00:00:42.760000,2.0,MEDIUM,6.0,1,Australian Grand Prix,FP3,2026,,87.896,19.755,42.76,86.3565,,True
PER,Cadillac,7.0,0 days 00:01:27.702000,0 days 00:00:31.312000,0 days 00:00:18.418000,0 days 00:00:37.972000,2.0,MEDIUM,7.0,1,Australian Grand Prix,FP3,2026,87.702,31.312,18.418,37.972,86.3565,1.3455000000000013,False
PER,Cadillac,8.0,0 days 00:01:26.575000,0 days 00:00:30.404000,0 days 00:00:18.292000,0 days 00:00:37.879000,2.0,MEDIUM,8.0,1,Australian Grand Prix,FP3,2026,86.575,30.404,18.292,37.879,86.3565,0.2185000000000059,False
PER,Cadillac,9.0,0 days 00:01:26.259000,0 days 00:00:30.476000,0 days 00:00:18.220000,0 days 00:00:37.563000,2.0,MEDIUM,9.0,1,Australian Grand Prix,FP3,2026,86.259,30.476,18.22,37.563,86.3565,-0.09749999999999659,False
PER,Cadillac,10.0,0 days 00:01:26.335000,0 days 00:00:30.374000,0 days 00:00:18.393000,0 days 00:00:37.568000,2.0,MEDIUM,10.0,1,Australian Grand Prix,FP3,2026,86.335,30.374,18.393,37.568,86.3565,-0.021500000000003183,False
PER,Cadillac,11.0,0 days 00:01:26.565000,0 days 00:00:30.515000,0 days 00:00:18.150000,0 days 00:00:37.900000,2.0,MEDIUM,11.0,1,Australian Grand Prix,FP3,2026,86.565,30.515,18.15,37.9,86.3565,0.2085000000000008,False
PER,Cadillac,12.0,0 days 00:01:26.378000,0 days 00:00:30.519000,0 days 00:00:18.380000,0 days 00:00:37.479000,2.0,MEDIUM,12.0,12,Australian Grand Prix,FP3,2026,86.378,30.519,18.38,37.479,86.3565,0.021500000000003183,False
PER,Cadillac,13.0,0 days 00:01:26.129000,0 days 00:00:30.399000,0 days 00:00:18.290000,0 days 00:00:37.440000,2.0,MEDIUM,13.0,1,Australian Grand Prix,FP3,2026,86.129,30.399,18.29,37.44,86.3565,-0.22749999999999204,False
PER,Cadillac,14.0,0 days 00:01:25.540000,0 days 00:00:30.056000,0 days 00:00:18.217000,0 days 00:00:37.267000,2.0,MEDIUM,14.0,1,Australian Grand Prix,FP3,2026,85.54,30.056,18.217,37.267,86.3565,-0.8164999999999907,False
PER,Cadillac,15.0,0 days 00:01:26.181000,0 days 00:00:30.365000,0 days 00:00:18.304000,0 days 00:00:37.512000,2.0,MEDIUM,15.0,1,Australian Grand Prix,FP3,2026,86.181,30.365,18.304,37.512,86.3565,-0.17549999999999955,False
PER,Cadillac,16.0,0 days 00:01:26.240000,0 days 00:00:30.409000,0 days 00:00:18.325000,0 days 00:00:37.506000,2.0,MEDIUM,16.0,1,Australian Grand Prix,FP3,2026,86.24,30.409,18.325,37.506,86.3565,-0.11650000000000205,False
PER,Cadillac,17.0,,0 days 00:00:39.467000,0 days 00:00:23.518000,,2.0,MEDIUM,17.0,125,Australian Grand Prix,FP3,2026,,39.467,23.518,,86.3565,,False
PER,Cadillac,18.0,0 days 00:02:15.041000,0 days 00:01:02.300000,0 days 00:00:21.270000,0 days 00:00:51.471000,3.0,SOFT,1.0,1,Australian Grand Prix,FP3,2026,135.041,62.3,21.27,51.471,86.3565,48.6845,True
PER,Cadillac,19.0,0 days 00:01:42.572000,0 days 00:00:37.660000,0 days 00:00:20.351000,0 days 00:00:44.561000,3.0,SOFT,2.0,1,Australian Grand Prix,FP3,2026,102.572,37.66,20.351,44.561,86.3565,16.215500000000006,False
PER,Cadillac,20.0,,0 days 00:00:32.192000,0 days 00:00:24.388000,0 days 00:01:37.134000,3.0,SOFT,3.0,1,Australian Grand Prix,FP3,2026,,32.192,24.388,97.134,86.3565,,False
PER,Cadillac,21.0,,0 days 00:00:35.386000,0 days 00:00:20.368000,,3.0,SOFT,4.0,1,Australian Grand Prix,FP3,2026,,35.386,20.368,,86.3565,,False
PIA,McLaren,1.0,,0 days 00:01:39.389000,0 days 00:00:20.219000,0 days 00:00:40.064000,1.0,SOFT,1.0,1,Australian Grand Prix,FP3,2026,,99.389,20.219,40.064,95.029,,True
PIA,McLaren,2.0,0 days 00:01:21.179000,0 days 00:00:28.499000,0 days 00:00:17.827000,0 days 00:00:34.853000,1.0,SOFT,2.0,1,Australian Grand Prix,FP3,2026,81.179,28.499,17.826999999999998,34.853,95.029,-13.849999999999994,False
PIA,McLaren,3.0,0 days 00:01:59.164000,0 days 00:00:40.273000,0 days 00:00:28.143000,0 days 00:00:50.748000,1.0,SOFT,3.0,1,Australian Grand Prix,FP3,2026,119.164,40.273,28.143,50.748,95.029,24.135000000000005,False
PIA,McLaren,4.0,0 days 00:01:54.252000,0 days 00:00:39.999000,0 days 00:00:23.656000,0 days 00:00:50.597000,1.0,SOFT,4.0,1,Australian Grand Prix,FP3,2026,114.252,39.999,23.656,50.597,95.029,19.223,False
PIA,McLaren,5.0,0 days 00:01:20.317000,0 days 00:00:28.265000,0 days 00:00:17.698000,0 days 00:00:34.354000,1.0,SOFT,5.0,1,Australian Grand Prix,FP3,2026,80.317,28.265,17.698,34.354,95.029,-14.712000000000003,False
PIA,McLaren,6.0,0 days 00:01:51.565000,0 days 00:00:39.560000,0 days 00:00:22.654000,0 days 00:00:49.351000,1.0,SOFT,6.0,1,Australian Grand Prix,FP3,2026,111.565,39.56,22.654,49.351,95.029,16.536,False
PIA,McLaren,7.0,0 days 00:01:51.945000,0 days 00:00:43.673000,0 days 00:00:26.568000,0 days 00:00:41.704000,1.0,SOFT,7.0,12,Australian Grand Prix,FP3,2026,111.945,43.673,26.568,41.704,95.029,16.915999999999997,False
PIA,McLaren,8.0,0 days 00:01:20.164000,0 days 00:00:28.121000,0 days 00:00:17.646000,0 days 00:00:34.397000,1.0,SOFT,8.0,21,Australian Grand Prix,FP3,2026,80.164,28.121,17.646,34.397,95.029,-14.864999999999995,False
PIA,McLaren,9.0,0 days 00:01:35.378000,0 days 00:00:37.784000,0 days 00:00:20.621000,0 days 00:00:36.973000,1.0,SOFT,9.0,1,Australian Grand Prix,FP3,2026,95.378,37.784,20.621,36.973,95.029,0.34900000000000375,False
PIA,McLaren,10.0,0 days 00:01:21.428000,0 days 00:00:28.360000,0 days 00:00:18.028000,0 days 00:00:35.040000,1.0,SOFT,10.0,1,Australian Grand Prix,FP3,2026,81.428,28.36,18.028,35.04,95.029,-13.600999999999999,False
PIA,McLaren,11.0,0 days 00:01:21.693000,0 days 00:00:28.591000,0 days 00:00:18.088000,0 days 00:00:35.014000,1.0,SOFT,11.0,1,Australian Grand Prix,FP3,2026,81.693,28.591,18.088,35.014,95.029,-13.335999999999999,False
PIA,McLaren,12.0,0 days 00:01:35.029000,0 days 00:00:28.640000,0 days 00:00:18.009000,0 days 00:00:48.380000,1.0,SOFT,12.0,1,Australian Grand Prix,FP3,2026,95.029,28.64,18.009,48.38,95.029,0.0,False
PIA,McLaren,13.0,,0 days 00:01:00.945000,0 days 00:00:17.958000,,2.0,SOFT,13.0,125,Australian Grand Prix,FP3,2026,,60.945,17.958,,95.029,,True
PIA,McLaren,14.0,0 days 00:02:18.330000,0 days 00:01:08.111000,0 days 00:00:20.022000,0 days 00:00:50.197000,3.0,SOFT,1.0,1,Australian Grand Prix,FP3,2026,138.33,68.111,20.022,50.197,95.029,43.301000000000016,True
PIA,McLaren,15.0,0 days 00:01:20.087000,0 days 00:00:28.310000,0 days 00:00:17.565000,0 days 00:00:34.212000,3.0,SOFT,2.0,1,Australian Grand Prix,FP3,2026,80.087,28.31,17.565,34.212,95.029,-14.941999999999993,False
PIA,McLaren,16.0,,0 days 00:00:37.757000,0 days 00:00:23.231000,0 days 00:01:39.008000,3.0,SOFT,3.0,1,Australian Grand Prix,FP3,2026,,37.757,23.231,99.008,95.029,,False
PIA,McLaren,17.0,,0 days 00:00:32.390000,0 days 00:00:18.756000,,3.0,SOFT,4.0,1,Australian Grand Prix,FP3,2026,,32.39,18.756,,95.029,,False
RUS,Mercedes,1.0,0 days 00:02:11.620000,0 days 00:01:07.800000,0 days 00:00:21.345000,0 days 00:00:42.475000,1.0,SOFT,1.0,26,Australian Grand Prix,FP3,2026,131.62,67.8,21.345,42.475,83.3135,48.3065,True
RUS,Mercedes,2.0,0 days 00:02:16.908000,0 days 00:00:49.531000,0 days 00:00:27.421000,0 days 00:00:59.956000,1.0,SOFT,2.0,6,Australian Grand Prix,FP3,2026,136.908,49.531,27.421,59.956,83.3135,53.59449999999998,False
RUS,Mercedes,3.0,,0 days 00:00:35.055000,,,1.0,SOFT,3.0,6512,Australian Grand Prix,FP3,2026,,35.055,,,83.3135,,False
RUS,Mercedes,4.0,,0 days 00:01:38.465000,0 days 00:00:19.322000,0 days 00:00:44.961000,2.0,SOFT,4.0,1,Australian Grand Prix,FP3,2026,,98.465,19.322,44.961,83.3135,,True
RUS,Mercedes,5.0,0 days 00:01:43.571000,0 days 00:00:31.787000,0 days 00:00:20.073000,0 days 00:00:51.711000,2.0,SOFT,5.0,1,Australian Grand Prix,FP3,2026,103.571,31.787,20.073,51.711,83.3135,20.257499999999993,False
RUS,Mercedes,6.0,0 days 00:01:21.429000,0 days 00:00:28.579000,0 days 00:00:17.831000,0 days 00:00:35.019000,2.0,SOFT,6.0,1,Australian Grand Prix,FP3,2026,81.429,28.579,17.831,35.019,83.3135,-1.8845000000000027,False
RUS,Mercedes,7.0,0 days 00:01:52.741000,0 days 00:00:33.292000,0 days 00:00:21.494000,0 days 00:00:57.955000,2.0,SOFT,7.0,1,Australian Grand Prix,FP3,2026,112.741,33.292,21.494,57.955,83.3135,29.427499999999995,False
RUS,Mercedes,8.0,0 days 00:01:53.863000,0 days 00:00:58.312000,0 days 00:00:18.214000,0 days 00:00:37.337000,3.0,SOFT,8.0,1,Australian Grand Prix,FP3,2026,113.863,58.312,18.214,37.337,83.3135,30.549499999999995,True
RUS,Mercedes,9.0,0 days 00:01:22.245000,0 days 00:00:28.922000,0 days 00:00:18.003000,0 days 00:00:35.320000,3.0,SOFT,9.0,1,Australian Grand Prix,FP3,2026,82.245,28.922,18.003,35.32,83.3135,-1.0685000000000002,False
RUS,Mercedes,10.0,0 days 00:01:22.221000,0 days 00:00:28.790000,0 days 00:00:17.935000,0 days 00:00:35.496000,3.0,SOFT,10.0,1,Australian Grand Prix,FP3,2026,82.221,28.79,17.935,35.496,83.3135,-1.0925000000000011,False
RUS,Mercedes,11.0,0 days 00:01:23.286000,0 days 00:00:29.713000,0 days 00:00:17.929000,0 days 00:00:35.644000,3.0,SOFT,11.0,12,Australian Grand Prix,FP3,2026,83.286,29.713,17.929,35.644,83.3135,-0.02750000000000341,False
RUS,Mercedes,12.0,0 days 00:01:23.341000,0 days 00:00:29.736000,0 days 00:00:17.863000,0 days 00:00:35.742000,3.0,SOFT,12.0,1,Australian Grand Prix,FP3,2026,83.341,29.736,17.863,35.742,83.3135,0.0274999999999892,False
RUS,Mercedes,13.0,0 days 00:01:21.730000,0 days 00:00:28.651000,0 days 00:00:17.816000,0 days 00:00:35.263000,3.0,SOFT,13.0,1,Australian Grand Prix,FP3,2026,81.73,28.651,17.816,35.263,83.3135,-1.5835000000000008,False
RUS,Mercedes,14.0,0 days 00:01:21.677000,0 days 00:00:28.655000,0 days 00:00:17.745000,0 days 00:00:35.277000,3.0,SOFT,14.0,1,Australian Grand Prix,FP3,2026,81.677,28.655,17.745,35.277,83.3135,-1.636499999999998,False
RUS,Mercedes,15.0,0 days 00:01:21.572000,0 days 00:00:28.692000,0 days 00:00:17.738000,0 days 00:00:35.142000,3.0,SOFT,15.0,1,Australian Grand Prix,FP3,2026,81.572,28.692,17.738,35.142,83.3135,-1.741500000000002,False
RUS,Mercedes,16.0,,0 days 00:00:28.753000,0 days 00:00:17.808000,,3.0,SOFT,16.0,1,Australian Grand Prix,FP3,2026,,28.753,17.808,,83.3135,,False
RUS,Mercedes,17.0,0 days 00:01:38.007000,0 days 00:00:38.190000,0 days 00:00:19.928000,0 days 00:00:39.889000,4.0,SOFT,1.0,1,Australian Grand Prix,FP3,2026,98.007,38.19,19.928,39.889,83.3135,14.6935,True
RUS,Mercedes,18.0,,0 days 00:00:27.726000,0 days 00:00:17.398000,,4.0,SOFT,2.0,125,Australian Grand Prix,FP3,2026,,27.726,17.398,,83.3135,,False
RUS,Mercedes,19.0,,,0 days 00:00:19.971000,0 days 00:00:42.939000,5.0,SOFT,3.0,1,Australian Grand Prix,FP3,2026,,,19.971,42.939,83.3135,,True
RUS,Mercedes,20.0,0 days 00:01:19.053000,0 days 00:00:27.770000,0 days 00:00:17.276000,0 days 00:00:34.007000,5.0,SOFT,4.0,1,Australian Grand Prix,FP3,2026,79.053,27.77,17.276,34.007,83.3135,-4.2605000000000075,False
RUS,Mercedes,21.0,0 days 00:01:46.234000,0 days 00:00:38.899000,0 days 00:00:25.592000,0 days 00:00:41.743000,5.0,SOFT,5.0,1,Australian Grand Prix,FP3,2026,106.234,38.899,25.592,41.743,83.3135,22.92049999999999,False
RUS,Mercedes,22.0,,0 days 00:00:39.985000,0 days 00:00:24.750000,,5.0,SOFT,6.0,1,Australian Grand Prix,FP3,2026,,39.985,24.75,,83.3135,,False
RUS,Mercedes,23.0,,0 days 00:00:30.337000,0 days 00:00:18.400000,,5.0,SOFT,7.0,1,Australian Grand Prix,FP3,2026,,30.337,18.4,,83.3135,,False
SAI,Williams,1.0,,0 days 00:00:40.294000,0 days 00:00:20.502000,,1.0,SOFT,1.0,1265,Australian Grand Prix,FP3,2026,,40.294,20.502,,,,True
VER,Red Bull Racing,1.0,,,0 days 00:00:20.328000,0 days 00:00:39.272000,1.0,SOFT,1.0,1,Australian Grand Prix,FP3,2026,,,20.328,39.272,82.186,,False
VER,Red Bull Racing,2.0,0 days 00:01:20.979000,0 days 00:00:28.380000,0 days 00:00:17.776000,0 days 00:00:34.823000,1.0,SOFT,2.0,1,Australian Grand Prix,FP3,2026,80.979,28.38,17.776,34.823,82.186,-1.2070000000000078,False
VER,Red Bull Racing,3.0,0 days 00:02:16.003000,0 days 00:00:46.401000,0 days 00:00:24.626000,0 days 00:01:04.976000,1.0,SOFT,3.0,1,Australian Grand Prix,FP3,2026,136.003,46.401,24.626,64.976,82.186,53.81699999999998,False
VER,Red Bull Racing,4.0,0 days 00:01:43.250000,0 days 00:00:38.758000,0 days 00:00:20.623000,0 days 00:00:43.869000,2.0,SOFT,4.0,1,Australian Grand Prix,FP3,2026,103.25,38.758,20.623,43.869,82.186,21.063999999999993,True
VER,Red Bull Racing,5.0,0 days 00:01:20.508000,0 days 00:00:28.061000,0 days 00:00:17.905000,0 days 00:00:34.542000,2.0,SOFT,5.0,1,Australian Grand Prix,FP3,2026,80.508,28.061,17.905,34.542,82.186,-1.6780000000000115,False
VER,Red Bull Racing,6.0,0 days 00:01:43.150000,0 days 00:00:43.571000,0 days 00:00:20.726000,0 days 00:00:38.853000,2.0,SOFT,6.0,1,Australian Grand Prix,FP3,2026,103.15,43.571,20.726,38.853,82.186,20.964,False
VER,Red Bull Racing,7.0,0 days 00:01:22.062000,0 days 00:00:28.356000,0 days 00:00:18.281000,0 days 00:00:35.425000,2.0,SOFT,7.0,12,Australian Grand Prix,FP3,2026,82.062,28.356,18.281,35.425,82.186,-0.12400000000000944,False
VER,Red Bull Racing,8.0,0 days 00:01:24.351000,0 days 00:00:30.935000,0 days 00:00:17.951000,0 days 00:00:35.465000,2.0,SOFT,8.0,21,Australian Grand Prix,FP3,2026,84.351,30.935,17.951,35.465,82.186,2.164999999999992,False
VER,Red Bull Racing,9.0,0 days 00:01:21.973000,0 days 00:00:28.330000,0 days 00:00:17.671000,0 days 00:00:35.972000,2.0,SOFT,9.0,1,Australian Grand Prix,FP3,2026,81.973,28.33,17.671,35.972,82.186,-0.21300000000000807,False
VER,Red Bull Racing,10.0,0 days 00:01:22.186000,0 days 00:00:28.563000,0 days 00:00:18.106000,0 days 00:00:35.517000,2.0,SOFT,10.0,1,Australian Grand Prix,FP3,2026,82.186,28.563,18.106,35.517,82.186,0.0,False
VER,Red Bull Racing,11.0,,0 days 00:00:29.873000,0 days 00:00:18.903000,,2.0,SOFT,11.0,125,Australian Grand Prix,FP3,2026,,29.873,18.903,,82.186,,False
VER,Red Bull Racing,12.0,0 days 00:01:58.928000,0 days 00:00:55.030000,0 days 00:00:19.310000,0 days 00:00:44.588000,3.0,SOFT,1.0,1,Australian Grand Prix,FP3,2026,118.928,55.03,19.31,44.588,82.186,36.74199999999999,True
VER,Red Bull Racing,13.0,0 days 00:01:20.197000,0 days 00:00:27.798000,0 days 00:00:17.902000,0 days 00:00:34.497000,3.0,SOFT,2.0,1,Australian Grand Prix,FP3,2026,80.197,27.798000000000002,17.902,34.497,82.186,-1.9890000000000043,False
VER,Red Bull Racing,14.0,,0 days 00:00:41.294000,0 days 00:00:23.220000,,3.0,SOFT,3.0,1,Australian Grand Prix,FP3,2026,,41.294,23.22,,82.186,,False
VER,Red Bull Racing,15.0,,0 days 00:00:30.688000,0 days 00:00:18.307000,,3.0,SOFT,4.0,1,Australian Grand Prix,FP3,2026,,30.688,18.307,,82.186,,False
